objectid,title,date,description,editors,publisher,source,format,type,language,rights,rightsstatement,filename,display_template,object_location,image_small,image_thumb
blot_2010-10,Blot Magazine October 2010,2010-10,Traditions with tubas; Iraq to Idaho; Funky flushes; Ghostly grounds; Life after MTV's 'Made'; Making music on the streets,"Rudd, Elizabeth; Short, Lisa; Morris, Loren; Moseley, Kelcie; Groff, Nick; McCord, Madison",University of Idaho Student Media,"Blot Magazine, Student Media, University of Idaho, https://www.uidaho.edu/current-students/student-involvement/student-media",application/pdf,Text,eng,"Materials from the University of Idaho Library's Digital Collections are made available online for research purposes. Copyright is retained by original copyright holders. Please contact Blot Magazine, Student Media, University of Idaho, https://www.uidaho.edu/current-students/student-involvement/student-media",http://rightsstatements.org/vocab/InC-EDU/1.0/,blot_2010-10.pdf,pdf,https://www.lib.uidaho.edu/digital/objects/blot/blot_2010-10.pdf,https://www.lib.uidaho.edu/digital/objects/blot/small/blot_2010-10_sm.jpg,https://www.lib.uidaho.edu/digital/objects/blot/thumbs/blot_2010-10_th.jpg
blot_2010-11,Blot Magazine November 2010,2010-11,"Fine'ly famous; More than just music; Torn: Native American Vandals; Picking is 'Delicious'; The face of Idaho; An artist's game; Leaving the field, Entering the courtroom","Rudd, Elizabeth; Short, Lisa; Morris, Loren; Moseley, Kelcie; Groff, Nick; McCord, Madison",University of Idaho Student Media,"Blot Magazine, Student Media, University of Idaho, https://www.uidaho.edu/current-students/student-involvement/student-media",application/pdf,Text,eng,"Materials from the University of Idaho Library's Digital Collections are made available online for research purposes. Copyright is retained by original copyright holders. Please contact Blot Magazine, Student Media, University of Idaho, https://www.uidaho.edu/current-students/student-involvement/student-media",http://rightsstatements.org/vocab/InC-EDU/1.0/,blot_2010-11.pdf,pdf,https://www.lib.uidaho.edu/digital/objects/blot/blot_2010-11.pdf,https://www.lib.uidaho.edu/digital/objects/blot/small/blot_2010-11_sm.jpg,https://www.lib.uidaho.edu/digital/objects/blot/thumbs/blot_2010-11_th.jpg
blot_2011-02,Blot Magazine February 2011,2011-02,Decades of Idaho; Help for teacher; The making of a cheater; Modern treasure hunt; Taming the fear; Shots for silver and gold; Beyond the board game,"Rudd, Elizabeth; Short, Lisa; Morris, Loren; Moseley, Kelcie; Groff, Nick; McCord, Madison",University of Idaho Student Media,"Blot Magazine, Student Media, University of Idaho, https://www.uidaho.edu/current-students/student-involvement/student-media",application/pdf,Text,eng,"Materials from the University of Idaho Library's Digital Collections are made available online for research purposes. Copyright is retained by original copyright holders. Please contact Blot Magazine, Student Media, University of Idaho, https://www.uidaho.edu/current-students/student-involvement/student-media",http://rightsstatements.org/vocab/InC-EDU/1.0/,blot_2011-02.pdf,pdf,https://www.lib.uidaho.edu/digital/objects/blot/blot_2011-02.pdf,https://www.lib.uidaho.edu/digital/objects/blot/small/blot_2011-02_sm.jpg,https://www.lib.uidaho.edu/digital/objects/blot/thumbs/blot_2011-02_th.jpg
blot_2011-04,Blot Magazine April 2011,2011-04,"Defining your 'extreme'; Big job, bigger heart; The path unknown; A passion for dance; The view from behind the bar; Palouse platters: Vandal meats and Cougar gold","Rudd, Elizabeth; Short, Lisa; Morris, Loren; Moseley, Kelcie; Groff, Nick; McCord, Madison",University of Idaho Student Media,"Blot Magazine, Student Media, University of Idaho, https://www.uidaho.edu/current-students/student-involvement/student-media",application/pdf,Text,eng,"Materials from the University of Idaho Library's Digital Collections are made available online for research purposes. Copyright is retained by original copyright holders. Please contact Blot Magazine, Student Media, University of Idaho, https://www.uidaho.edu/current-students/student-involvement/student-media",http://rightsstatements.org/vocab/InC-EDU/1.0/,blot_2011-04.pdf,pdf,https://www.lib.uidaho.edu/digital/objects/blot/blot_2011-04.pdf,https://www.lib.uidaho.edu/digital/objects/blot/small/blot_2011-04_sm.jpg,https://www.lib.uidaho.edu/digital/objects/blot/thumbs/blot_2011-04_th.jpg
blot_2011-10,Blot Magazine October 2011,2011-10,"The good old days; Time machine Moscow: everything and more at Russ's Store; True traditions never die; Wheatland revolution; Fatherhood: The next step; A little techno, a little twang; A day in the life; The best barber in town; Equipment innovation","McCord, Madison; Hart, Vicky; Morris, Loren; Canul, Amrah; Moseley, Kelcie; Saia, Anthony",University of Idaho Student Media,"Blot Magazine, Student Media, University of Idaho, https://www.uidaho.edu/current-students/student-involvement/student-media",application/pdf,Text,eng,"Materials from the University of Idaho Library's Digital Collections are made available online for research purposes. Copyright is retained by original copyright holders. Please contact Blot Magazine, Student Media, University of Idaho, https://www.uidaho.edu/current-students/student-involvement/student-media",http://rightsstatements.org/vocab/InC-EDU/1.0/,blot_2011-10.pdf,pdf,https://www.lib.uidaho.edu/digital/objects/blot/blot_2011-10.pdf,https://www.lib.uidaho.edu/digital/objects/blot/small/blot_2011-10_sm.jpg,https://www.lib.uidaho.edu/digital/objects/blot/thumbs/blot_2011-10_th.jpg
blot_2011-11,Blot Magazine November 2011,2011-11,"Get out & get going; Romance in falling stars; Floats like a rock; Time machine 1909: travel diaries of Lucille Sayre Allen; One city's trash, one man's treasure; Finally a bird; Sports science; Go back to start","McCord, Madison; Hart, Vicky; Morris, Loren; Canul, Amrah; Moseley, Kelcie; Saia, Anthony",University of Idaho Student Media,"Blot Magazine, Student Media, University of Idaho, https://www.uidaho.edu/current-students/student-involvement/student-media",application/pdf,Text,eng,"Materials from the University of Idaho Library's Digital Collections are made available online for research purposes. Copyright is retained by original copyright holders. Please contact Blot Magazine, Student Media, University of Idaho, https://www.uidaho.edu/current-students/student-involvement/student-media",http://rightsstatements.org/vocab/InC-EDU/1.0/,blot_2011-11.pdf,pdf,https://www.lib.uidaho.edu/digital/objects/blot/blot_2011-11.pdf,https://www.lib.uidaho.edu/digital/objects/blot/small/blot_2011-11_sm.jpg,https://www.lib.uidaho.edu/digital/objects/blot/thumbs/blot_2011-11_th.jpg
blot_2012-03,Blot Magazine March 2012,2012-03,"""Humer""us; Body talk through the ages; More than just kicks; Please, touch the art; Suck it: journey to the center; Psychology of sex; Breathe it forward; Despair, amputated; Big wigs ","McCord, Madison; Hard, Vicky; Morris, Loren; Canul, Amrah; Eiguren, Elisa; Saia, Anthony",University of Idaho Student Media,"Blot Magazine, Student Media, University of Idaho, https://www.uidaho.edu/current-students/student-involvement/student-media",application/pdf,Text,eng,"Materials from the University of Idaho Library's Digital Collections are made available online for research purposes. Copyright is retained by original copyright holders. Please contact Blot Magazine, Student Media, University of Idaho, https://www.uidaho.edu/current-students/student-involvement/student-media",http://rightsstatements.org/vocab/InC-EDU/1.0/,blot_2012-03.pdf,pdf,https://www.lib.uidaho.edu/digital/objects/blot/blot_2012-03.pdf,https://www.lib.uidaho.edu/digital/objects/blot/small/blot_2012-03_sm.jpg,https://www.lib.uidaho.edu/digital/objects/blot/thumbs/blot_2012-03_th.jpg
blot_2012-04,Blot Magazine April 2012,2012-04,A passion for beauty; Stuck on you; Build a brew workshop; Half-ass clone not half-assed; Stuff it; Love at first bite; Turn it up; Home sweet home; Extreme chef: dorm edition; What to do when where to go is gone,"McCord, Madison; Hard, Vicky; Morris, Loren; Canul, Amrah; Eiguren, Elisa; Saia, Anthony",University of Idaho Student Media,"Blot Magazine, Student Media, University of Idaho, https://www.uidaho.edu/current-students/student-involvement/student-media",application/pdf,Text,eng,"Materials from the University of Idaho Library's Digital Collections are made available online for research purposes. Copyright is retained by original copyright holders. Please contact Blot Magazine, Student Media, University of Idaho, https://www.uidaho.edu/current-students/student-involvement/student-media",http://rightsstatements.org/vocab/InC-EDU/1.0/,blot_2012-04.pdf,pdf,https://www.lib.uidaho.edu/digital/objects/blot/blot_2012-04.pdf,https://www.lib.uidaho.edu/digital/objects/blot/small/blot_2012-04_sm.jpg,https://www.lib.uidaho.edu/digital/objects/blot/thumbs/blot_2012-04_th.jpg
blot_2012-10,Blot Magazine October 2012,2012-10,Food for thought; Mix and match; Dishing up dining stereotypes; What's on tap; Clean or crazy?; Eating Greek in Moscow; For the loaf of bread; Think outside the bottle; A friendly face; Smells like team spirit; Fueling the 'Fat Five'; Ruthie in the kitchen,"Hard, Victoria; McCord, Madison; Engle, Joseph; Worrell, Avery; Vukelich, Philip; Eiguren, Elisa; Krasselt, Kaitlyn; Spencer, Molly",University of Idaho Student Media,"Blot Magazine, Student Media, University of Idaho, https://www.uidaho.edu/current-students/student-involvement/student-media",application/pdf,Text,eng,"Materials from the University of Idaho Library's Digital Collections are made available online for research purposes. Copyright is retained by original copyright holders. Please contact Blot Magazine, Student Media, University of Idaho, https://www.uidaho.edu/current-students/student-involvement/student-media",http://rightsstatements.org/vocab/InC-EDU/1.0/,blot_2012-10.pdf,pdf,https://www.lib.uidaho.edu/digital/objects/blot/blot_2012-10.pdf,https://www.lib.uidaho.edu/digital/objects/blot/small/blot_2012-10_sm.jpg,https://www.lib.uidaho.edu/digital/objects/blot/thumbs/blot_2012-10_th.jpg
blot_2012-12,Blot Magazine December 2012,2012-12,Made to last; Déjà vu; Countdown to calamity; Keeping the voices out; What are the odds; The last day; But what if it really happened; Surviving death; Tipping the scales; Zombies on the brain; What's your #YOLO,"Hart, Victoria; McCord,  Madison; Worrell, Avery; Vukelich, Philip; Eiguren, Elisa; Krasselt, Kaitlyn",University of Idaho Student Media,"Blot Magazine, Student Media, University of Idaho, https://www.uidaho.edu/current-students/student-involvement/student-media",application/pdf,Text,eng,"Materials from the University of Idaho Library's Digital Collections are made available online for research purposes. Copyright is retained by original copyright holders. Please contact Blot Magazine, Student Media, University of Idaho, https://www.uidaho.edu/current-students/student-involvement/student-media",http://rightsstatements.org/vocab/InC-EDU/1.0/,blot_2012-12.pdf,pdf,https://www.lib.uidaho.edu/digital/objects/blot/blot_2012-12.pdf,https://www.lib.uidaho.edu/digital/objects/blot/small/blot_2012-12_sm.jpg,https://www.lib.uidaho.edu/digital/objects/blot/thumbs/blot_2012-12_th.jpg
blot_2013-02,Blot Magazine March 2013,2013-02,Daubs and dyes; Hope after the storm; Go your own way; Catwalk colors; Colors of culture; Color according to doc; Can you hear the snow?; Beyond black and white; Living space; The eye of the beholder; Digging that silver and gold,"Hard, Vicky; Treffry, Lindsey; Worrell, Avery; Vukelich, Philip; Eiguren, Elisa; Krasselt, Kaitlyn",University of Idaho Student Media,"Blot Magazine, Student Media, University of Idaho, https://www.uidaho.edu/current-students/student-involvement/student-media",application/pdf,Text,eng,"Materials from the University of Idaho Library's Digital Collections are made available online for research purposes. Copyright is retained by original copyright holders. Please contact Blot Magazine, Student Media, University of Idaho, https://www.uidaho.edu/current-students/student-involvement/student-media",http://rightsstatements.org/vocab/InC-EDU/1.0/,blot_2013-02.pdf,pdf,https://www.lib.uidaho.edu/digital/objects/blot/blot_2013-02.pdf,https://www.lib.uidaho.edu/digital/objects/blot/small/blot_2013-02_sm.jpg,https://www.lib.uidaho.edu/digital/objects/blot/thumbs/blot_2013-02_th.jpg
blot_2013-04,Blot Magazine April 2013,2013-04,Know the risks; Bessie's closing the circle; Summer sippin'; Overbooks and overbusy; After hours; Hidden places hidden faces; When it hits the fan; Making a musical; Say cheese,"Hard, Vicky; Treffry, Lindsey; Worrell, Avery; Vukelich, Philip; Sword, Katy; Krasselt, Kaitlyn",University of Idaho Student Media,"Blot Magazine, Student Media, University of Idaho, https://www.uidaho.edu/current-students/student-involvement/student-media",application/pdf,Text,eng,"Materials from the University of Idaho Library's Digital Collections are made available online for research purposes. Copyright is retained by original copyright holders. Please contact Blot Magazine, Student Media, University of Idaho, https://www.uidaho.edu/current-students/student-involvement/student-media",http://rightsstatements.org/vocab/InC-EDU/1.0/,blot_2013-04.pdf,pdf,https://www.lib.uidaho.edu/digital/objects/blot/blot_2013-04.pdf,https://www.lib.uidaho.edu/digital/objects/blot/small/blot_2013-04_sm.jpg,https://www.lib.uidaho.edu/digital/objects/blot/thumbs/blot_2013-04_th.jpg
blot_2013-10,Blot Magazine October 2013,2013-10,"Find a penny, pick it up; More than a pin; I-D-A-H-O Idaho, Idaho, Go! Go! Go!; Little credit, lots of work; Come on home; Take it off; Printing in plastic; Twenty words or less; The big boo-boo; Small doses; Grow it alone","Hart, Victoria; Tarinelli, Ryan; Derry, Rebecca; Vukelich, Philip; Moroney, Kaitlin; Emery, Amber",University of Idaho Student Media,"Blot Magazine, Student Media, University of Idaho, https://www.uidaho.edu/current-students/student-involvement/student-media",application/pdf,Text,eng,"Materials from the University of Idaho Library's Digital Collections are made available online for research purposes. Copyright is retained by original copyright holders. Please contact Blot Magazine, Student Media, University of Idaho, https://www.uidaho.edu/current-students/student-involvement/student-media",http://rightsstatements.org/vocab/InC-EDU/1.0/,blot_2013-10.pdf,pdf,https://www.lib.uidaho.edu/digital/objects/blot/blot_2013-10.pdf,https://www.lib.uidaho.edu/digital/objects/blot/small/blot_2013-10_sm.jpg,https://www.lib.uidaho.edu/digital/objects/blot/thumbs/blot_2013-10_th.jpg
blot_2013-12,Blot Magazine December 2013,2013-12,"Happy holidays, happy me; It's personal; Family, faith, film; Game of greed; Feeling the fury; Preach; Get vandalous","Hart, Victoria; Tarinelli, Ryan; Derry, Rebecca; Vukelich, Philip; Moroney, Kaitlin; Emery, Amber",University of Idaho Student Media,"Blot Magazine, Student Media, University of Idaho, https://www.uidaho.edu/current-students/student-involvement/student-media",application/pdf,Text,eng,"Materials from the University of Idaho Library's Digital Collections are made available online for research purposes. Copyright is retained by original copyright holders. Please contact Blot Magazine, Student Media, University of Idaho, https://www.uidaho.edu/current-students/student-involvement/student-media",http://rightsstatements.org/vocab/InC-EDU/1.0/,blot_2013-12.pdf,pdf,https://www.lib.uidaho.edu/digital/objects/blot/blot_2013-12.pdf,https://www.lib.uidaho.edu/digital/objects/blot/small/blot_2013-12_sm.jpg,https://www.lib.uidaho.edu/digital/objects/blot/thumbs/blot_2013-12_th.jpg
blot_2014-03,Blot Magazine March 2014,2014-03,Long time in town; Idaho's music clock; Where are the women; Falling for math; 1 day at the Bagel Shop; It's a numbers game; Deferred consequences; Breaking the cycle,"Hart, Vicky; Tarinelli, Ryan; Moroney, Kaitlin; Vukelich, Philip; Ericson, Aleya; Emery, Amber",University of Idaho Student Media,"Blot Magazine, Student Media, University of Idaho, https://www.uidaho.edu/current-students/student-involvement/student-media",application/pdf,Text,eng,"Materials from the University of Idaho Library's Digital Collections are made available online for research purposes. Copyright is retained by original copyright holders. Please contact Blot Magazine, Student Media, University of Idaho, https://www.uidaho.edu/current-students/student-involvement/student-media",http://rightsstatements.org/vocab/InC-EDU/1.0/,blot_2014-03.pdf,pdf,https://www.lib.uidaho.edu/digital/objects/blot/blot_2014-03.pdf,https://www.lib.uidaho.edu/digital/objects/blot/small/blot_2014-03_sm.jpg,https://www.lib.uidaho.edu/digital/objects/blot/thumbs/blot_2014-03_th.jpg
blot_2014-05,Blot Magazine May 2014,2014-05,Get out; On the map; Above the ceiling; Rock it; Furry family; Supporting all students; Skin to the wind; Going to seed,"Hart, Vicky; Tarinelli, Ryan; Moroney, Kaitlin; Vukelich, Philip; Ericson, Aleya; Emery, Amber",University of Idaho Student Media,"Blot Magazine, Student Media, University of Idaho, https://www.uidaho.edu/current-students/student-involvement/student-media",application/pdf,Text,eng,"Materials from the University of Idaho Library's Digital Collections are made available online for research purposes. Copyright is retained by original copyright holders. Please contact Blot Magazine, Student Media, University of Idaho, https://www.uidaho.edu/current-students/student-involvement/student-media",http://rightsstatements.org/vocab/InC-EDU/1.0/,blot_2014-05.pdf,pdf,https://www.lib.uidaho.edu/digital/objects/blot/blot_2014-05.pdf,https://www.lib.uidaho.edu/digital/objects/blot/small/blot_2014-05_sm.jpg,https://www.lib.uidaho.edu/digital/objects/blot/thumbs/blot_2014-05_th.jpg
blot_2014-10,Blot Magazine October 2014,2014-10,Humans of Moscow; Trans*; Going wild; A balancing act; Heading for the border,"Tarinelli, Ryan; Whitley, Claire; Hilsenbeck, Katelyn; Betts, David; Ericson, Aleya",University of Idaho Student Media,"Blot Magazine, Student Media, University of Idaho, https://www.uidaho.edu/current-students/student-involvement/student-media",application/pdf,Text,eng,"Materials from the University of Idaho Library's Digital Collections are made available online for research purposes. Copyright is retained by original copyright holders. Please contact Blot Magazine, Student Media, University of Idaho, https://www.uidaho.edu/current-students/student-involvement/student-media",http://rightsstatements.org/vocab/InC-EDU/1.0/,blot_2014-10.pdf,pdf,https://www.lib.uidaho.edu/digital/objects/blot/blot_2014-10.pdf,https://www.lib.uidaho.edu/digital/objects/blot/small/blot_2014-10_sm.jpg,https://www.lib.uidaho.edu/digital/objects/blot/thumbs/blot_2014-10_th.jpg
blot_2014-12,Blot Magazine December 2014,2014-12,Antiquing history; On the cover; Leading in law; Coffee camaraderie; The secret life of Sowa,"Tarinelli, Ryan; Whitley, Claire; Hilsenbeck, Katelyn; Betts, David; Ericson, Aleya",University of Idaho Student Media,"Blot Magazine, Student Media, University of Idaho, https://www.uidaho.edu/current-students/student-involvement/student-media",application/pdf,Text,eng,"Materials from the University of Idaho Library's Digital Collections are made available online for research purposes. Copyright is retained by original copyright holders. Please contact Blot Magazine, Student Media, University of Idaho, https://www.uidaho.edu/current-students/student-involvement/student-media",http://rightsstatements.org/vocab/InC-EDU/1.0/,blot_2014-12.pdf,pdf,https://www.lib.uidaho.edu/digital/objects/blot/blot_2014-12.pdf,https://www.lib.uidaho.edu/digital/objects/blot/small/blot_2014-12_sm.jpg,https://www.lib.uidaho.edu/digital/objects/blot/thumbs/blot_2014-12_th.jpg
blot_2015-03,Blot Magazine March 2015,2015-03,From Idaho to Detroit; The road to Moscow; Chasing a dream; College bartending; Behind an RA's door,"Tarinelli, Ryan; Whitley, Claire; Hilsenbeck, Katelyn; Anchustegui, Arianna; Betts, David; Ericson, Aleya",University of Idaho Student Media,"Blot Magazine, Student Media, University of Idaho, https://www.uidaho.edu/current-students/student-involvement/student-media",application/pdf,Text,eng,"Materials from the University of Idaho Library's Digital Collections are made available online for research purposes. Copyright is retained by original copyright holders. Please contact Blot Magazine, Student Media, University of Idaho, https://www.uidaho.edu/current-students/student-involvement/student-media",http://rightsstatements.org/vocab/InC-EDU/1.0/,blot_2015-03.pdf,pdf,https://www.lib.uidaho.edu/digital/objects/blot/blot_2015-03.pdf,https://www.lib.uidaho.edu/digital/objects/blot/small/blot_2015-03_sm.jpg,https://www.lib.uidaho.edu/digital/objects/blot/thumbs/blot_2015-03_th.jpg
blot_2015-05,Blot Magazine May 2015,2015-05,"Connecting and creating; Smart drug science; Stepping, strolling, saluting; Sports anxiety; Exploring Pizza Pit","Tarinelli, Ryan; Whitley, Claire; Hilsenbeck, Katelyn; Anchustegui, Arianna; Betts, David; Ericson, Aleya",University of Idaho Student Media,"Blot Magazine, Student Media, University of Idaho, https://www.uidaho.edu/current-students/student-involvement/student-media",application/pdf,Text,eng,"Materials from the University of Idaho Library's Digital Collections are made available online for research purposes. Copyright is retained by original copyright holders. Please contact Blot Magazine, Student Media, University of Idaho, https://www.uidaho.edu/current-students/student-involvement/student-media",http://rightsstatements.org/vocab/InC-EDU/1.0/,blot_2015-05.pdf,pdf,https://www.lib.uidaho.edu/digital/objects/blot/blot_2015-05.pdf,https://www.lib.uidaho.edu/digital/objects/blot/small/blot_2015-05_sm.jpg,https://www.lib.uidaho.edu/digital/objects/blot/thumbs/blot_2015-05_th.jpg
blot_2015-10,Blot Magazine October 2015,2015-10,Orange is the new black; In step; A Taylored experience; An increasing investment; Humans of Moscow,"Whitley, Claire; Bond, Corrin; Hilsenbeck, Katelyn; McDonald, Korbin; Betts, David; Bamer, Erin",University of Idaho Student Media,"Blot Magazine, Student Media, University of Idaho, https://www.uidaho.edu/current-students/student-involvement/student-media",application/pdf,Text,eng,"Materials from the University of Idaho Library's Digital Collections are made available online for research purposes. Copyright is retained by original copyright holders. Please contact Blot Magazine, Student Media, University of Idaho, https://www.uidaho.edu/current-students/student-involvement/student-media",http://rightsstatements.org/vocab/InC-EDU/1.0/,blot_2015-10.pdf,pdf,https://www.lib.uidaho.edu/digital/objects/blot/blot_2015-10.pdf,https://www.lib.uidaho.edu/digital/objects/blot/small/blot_2015-10_sm.jpg,https://www.lib.uidaho.edu/digital/objects/blot/thumbs/blot_2015-10_th.jpg
blot_2015-12,Blot Magazine December 2015,2015-12,Greek family; Growing like a weed; Athletes' bodies; College companions,"Whitley, Claire; Bond, Corrin; Hilsenbeck, Katelyn; Hall, Megan; Betts, David; Bamer, Erin",University of Idaho Student Media,"Blot Magazine, Student Media, University of Idaho, https://www.uidaho.edu/current-students/student-involvement/student-media",application/pdf,Text,eng,"Materials from the University of Idaho Library's Digital Collections are made available online for research purposes. Copyright is retained by original copyright holders. Please contact Blot Magazine, Student Media, University of Idaho, https://www.uidaho.edu/current-students/student-involvement/student-media",http://rightsstatements.org/vocab/InC-EDU/1.0/,blot_2015-12.pdf,pdf,https://www.lib.uidaho.edu/digital/objects/blot/blot_2015-12.pdf,https://www.lib.uidaho.edu/digital/objects/blot/small/blot_2015-12_sm.jpg,https://www.lib.uidaho.edu/digital/objects/blot/thumbs/blot_2015-12_th.jpg
blot_2016-03,Blot Magazine March 2016,2016-03,The art of perseverance; From the ground up; For the love of science; Altruistic autism; Creating a community through culture; Humans of Moscow,"Whitley, Claire; Bond, Corrin; Hilsenbeck, Katelyn; Betts, David; Bamer, Erin",University of Idaho Student Media,"Blot Magazine, Student Media, University of Idaho, https://www.uidaho.edu/current-students/student-involvement/student-media",application/pdf,Text,eng,"Materials from the University of Idaho Library's Digital Collections are made available online for research purposes. Copyright is retained by original copyright holders. Please contact Blot Magazine, Student Media, University of Idaho, https://www.uidaho.edu/current-students/student-involvement/student-media",http://rightsstatements.org/vocab/InC-EDU/1.0/,blot_2016-03.pdf,pdf,https://www.lib.uidaho.edu/digital/objects/blot/blot_2016-03.pdf,https://www.lib.uidaho.edu/digital/objects/blot/small/blot_2016-03_sm.jpg,https://www.lib.uidaho.edu/digital/objects/blot/thumbs/blot_2016-03_th.jpg
blot_2016-05,Blot Magazine May 2016,2016-05,Improvised motion; A little whinny; Gliding across the floor; A week in Amsterdam; Behind the brew,"Whitley, Claire; Bond, Corrin; Hilsenbeck, Katelyn; Nelson, Tea; Betts, David; Bamer, Erin",University of Idaho Student Media,"Blot Magazine, Student Media, University of Idaho, https://www.uidaho.edu/current-students/student-involvement/student-media",application/pdf,Text,eng,"Materials from the University of Idaho Library's Digital Collections are made available online for research purposes. Copyright is retained by original copyright holders. Please contact Blot Magazine, Student Media, University of Idaho, https://www.uidaho.edu/current-students/student-involvement/student-media",http://rightsstatements.org/vocab/InC-EDU/1.0/,blot_2016-05.pdf,pdf,https://www.lib.uidaho.edu/digital/objects/blot/blot_2016-05.pdf,https://www.lib.uidaho.edu/digital/objects/blot/small/blot_2016-05_sm.jpg,https://www.lib.uidaho.edu/digital/objects/blot/thumbs/blot_2016-05_th.jpg
blot_2016-10,Blot Magazine October 2016,2016-10,Moscow's model citizens; From clovers to trout; Sentiments on self-care; Armed and Idahoan; Emotional support for sale; The true measure of love; Four times the legacy,"Bond, Corrin; Bamer, Erin; Stanley, Krista; Nelson, Tea; Kiebert, Lyndsie; Fox, Tess; Callaham, Cassidy",University of Idaho Student Media,"Blot Magazine, Student Media, University of Idaho, https://www.uidaho.edu/current-students/student-involvement/student-media",application/pdf,Text,eng,"Materials from the University of Idaho Library's Digital Collections are made available online for research purposes. Copyright is retained by original copyright holders. Please contact Blot Magazine, Student Media, University of Idaho, https://www.uidaho.edu/current-students/student-involvement/student-media",http://rightsstatements.org/vocab/InC-EDU/1.0/,blot_2016-10.pdf,pdf,https://www.lib.uidaho.edu/digital/objects/blot/blot_2016-10.pdf,https://www.lib.uidaho.edu/digital/objects/blot/small/blot_2016-10_sm.jpg,https://www.lib.uidaho.edu/digital/objects/blot/thumbs/blot_2016-10_th.jpg
blot_2016-12,Blot Magazine December 2016,2016-12,The self among the stars; Storytelling through simulation; More than a mountain; The journey unfolding; Talking the talk; Where communities overlap; One mile at a time,"Bond, Corrin; Bamer, Erin; Stanley, Krista; Nelson, Tea; Kiebert, Lyndsie; Fox, Tess; Callaham, Cassidy",University of Idaho Student Media,"Blot Magazine, Student Media, University of Idaho, https://www.uidaho.edu/current-students/student-involvement/student-media",application/pdf,Text,eng,"Materials from the University of Idaho Library's Digital Collections are made available online for research purposes. Copyright is retained by original copyright holders. Please contact Blot Magazine, Student Media, University of Idaho, https://www.uidaho.edu/current-students/student-involvement/student-media",http://rightsstatements.org/vocab/InC-EDU/1.0/,blot_2016-12.pdf,pdf,https://www.lib.uidaho.edu/digital/objects/blot/blot_2016-12.pdf,https://www.lib.uidaho.edu/digital/objects/blot/small/blot_2016-12_sm.jpg,https://www.lib.uidaho.edu/digital/objects/blot/thumbs/blot_2016-12_th.jpg
blot_2017-03,Blot Magazine March 2017,2017-03,Unplugged; The fabric of learning; Preservation by the drop; The power of mind; Pandora open the music box; The academic playbook; The women of a movement,"Bond, Corrin; Bamer, Erin; Stanley, Krista; Nelson, Tea; Kiebert, Lyndsie; Evans, Joleen; Callaham, Cassidy",University of Idaho Student Media,"Blot Magazine, Student Media, University of Idaho, https://www.uidaho.edu/current-students/student-involvement/student-media",application/pdf,Text,eng,"Materials from the University of Idaho Library's Digital Collections are made available online for research purposes. Copyright is retained by original copyright holders. Please contact Blot Magazine, Student Media, University of Idaho, https://www.uidaho.edu/current-students/student-involvement/student-media",http://rightsstatements.org/vocab/InC-EDU/1.0/,blot_2017-02.pdf,pdf,https://www.lib.uidaho.edu/digital/objects/blot/blot_2017-03.pdf,https://www.lib.uidaho.edu/digital/objects/blot/small/blot_2017-03_sm.jpg,https://www.lib.uidaho.edu/digital/objects/blot/thumbs/blot_2017-03_th.jpg
blot_2017-05,Blot Magazine May 2017,2017-05,"Why they left; Home in the great unknown; Africa's gardeners; Toeing life's line; A metronome of mentorship; The burning battle; Small world, big orders","Bond, Corrin; Bamer, Erin; Stanley, Krista; Nelson, Tea; Kiebert, Lyndsie; Evans, Joleen; Callaham, Cassidy",University of Idaho Student Media,"Blot Magazine, Student Media, University of Idaho, https://www.uidaho.edu/current-students/student-involvement/student-media",application/pdf,Text,eng,"Materials from the University of Idaho Library's Digital Collections are made available online for research purposes. Copyright is retained by original copyright holders. Please contact Blot Magazine, Student Media, University of Idaho, https://www.uidaho.edu/current-students/student-involvement/student-media",http://rightsstatements.org/vocab/InC-EDU/1.0/,blot_2017-05.pdf,pdf,https://www.lib.uidaho.edu/digital/objects/blot/blot_2017-05.pdf,https://www.lib.uidaho.edu/digital/objects/blot/small/blot_2017-05_sm.jpg,https://www.lib.uidaho.edu/digital/objects/blot/thumbs/blot_2017-05_th.jpg
blot_2017-10,Blot Magazine October 2017,2017-10,A moonscape of earth; Reading the lanes; Challenging assumptions; The borders of legality; Behind the lights and sirens; Raised a Vandal,"Stewart, Hailey; Cardon, Savannah; Fox, Tess; Evans, Joleen; Brand, Andrew; Nelson, Tea; Rydalch, Nina",University of Idaho Student Media,"Blot Magazine, Student Media, University of Idaho, https://www.uidaho.edu/current-students/student-involvement/student-media",application/pdf,Text,eng,"Materials from the University of Idaho Library's Digital Collections are made available online for research purposes. Copyright is retained by original copyright holders. Please contact Blot Magazine, Student Media, University of Idaho, https://www.uidaho.edu/current-students/student-involvement/student-media",http://rightsstatements.org/vocab/InC-EDU/1.0/,blot_2017-10.pdf,pdf,https://www.lib.uidaho.edu/digital/objects/blot/blot_2017-10.pdf,https://www.lib.uidaho.edu/digital/objects/blot/small/blot_2017-10_sm.jpg,https://www.lib.uidaho.edu/digital/objects/blot/thumbs/blot_2017-10_th.jpg
blot_2017-12,Blot Magazine December 2017,2017-12,Tensions rising; More than a game; Making a marching band; Cultivating a lifestyle; Investing in education; The stories untold; Home and haven,"Stewart, Hailey; Cardon, Savannah; Fox, Tess; Evans, Joleen; Brand, Andrew; Nelson, Tea; Rydalch, Nina",University of Idaho Student Media,"Blot Magazine, Student Media, University of Idaho, https://www.uidaho.edu/current-students/student-involvement/student-media",application/pdf,Text,eng,"Materials from the University of Idaho Library's Digital Collections are made available online for research purposes. Copyright is retained by original copyright holders. Please contact Blot Magazine, Student Media, University of Idaho, https://www.uidaho.edu/current-students/student-involvement/student-media",http://rightsstatements.org/vocab/InC-EDU/1.0/,blot_2017-12.pdf,pdf,https://www.lib.uidaho.edu/digital/objects/blot/blot_2017-12.pdf,https://www.lib.uidaho.edu/digital/objects/blot/small/blot_2017-12_sm.jpg,https://www.lib.uidaho.edu/digital/objects/blot/thumbs/blot_2017-12_th.jpg
blot_2018-03,Blot Magazine March 2018,2018-03,Breaking the mold; A price to pay; A forever home; 'Everyone has to live somewhere'; Rolling on the river; A changing landscape,"Stewart, Hailey; Cardon, Savannah; Fox, Tess; Evans, Joleen; Brand, Andrew; Nelson, Tea",University of Idaho Student Media,"Blot Magazine, Student Media, University of Idaho, https://www.uidaho.edu/current-students/student-involvement/student-media",application/pdf,Text,eng,"Materials from the University of Idaho Library's Digital Collections are made available online for research purposes. Copyright is retained by original copyright holders. Please contact Blot Magazine, Student Media, University of Idaho, https://www.uidaho.edu/current-students/student-involvement/student-media",http://rightsstatements.org/vocab/InC-EDU/1.0/,blot_2018-03.pdf,pdf,https://www.lib.uidaho.edu/digital/objects/blot/blot_2018-03.pdf,https://www.lib.uidaho.edu/digital/objects/blot/small/blot_2018-03_sm.jpg,https://www.lib.uidaho.edu/digital/objects/blot/thumbs/blot_2018-03_th.jpg
blot_2018-05,Blot Magazine May 2018,2018-05,"A place to call home; Wordly research; A culture of coffee; ""Why not women?""; Breaking down barriers; Finding balance; Tradition and talent","Stewart, Hailey; Cardon, Savannah; Fox, Tess; Evans, Joleen; Brand, Andrew; Nelson, Tea",University of Idaho Student Media,"Blot Magazine, Student Media, University of Idaho, https://www.uidaho.edu/current-students/student-involvement/student-media",application/pdf,Text,eng,"Materials from the University of Idaho Library's Digital Collections are made available online for research purposes. Copyright is retained by original copyright holders. Please contact Blot Magazine, Student Media, University of Idaho, https://www.uidaho.edu/current-students/student-involvement/student-media",http://rightsstatements.org/vocab/InC-EDU/1.0/,blot_2018-05.pdf,pdf,https://www.lib.uidaho.edu/digital/objects/blot/blot_2018-05.pdf,https://www.lib.uidaho.edu/digital/objects/blot/small/blot_2018-05_sm.jpg,https://www.lib.uidaho.edu/digital/objects/blot/thumbs/blot_2018-05_th.jpg
blot_2018-10,Blot Magazine October 2018,2018-10,"Finding balance; Deying the numbers; Where civility stands; Sex, tech, and modern courtship; A guiding paw; The unseen opposition","Stewart, Hailey; Heersink, Olivia; Brizee, Alex; Evans, Joleen; Pfannenstiel, Kyle; Spelbring, Meredith; Hill, Brandon",University of Idaho Student Media,"Blot Magazine, Student Media, University of Idaho, https://www.uidaho.edu/current-students/student-involvement/student-media",application/pdf,Text,eng,"Materials from the University of Idaho Library's Digital Collections are made available online for research purposes. Copyright is retained by original copyright holders. Please contact Blot Magazine, Student Media, University of Idaho, https://www.uidaho.edu/current-students/student-involvement/student-media",http://rightsstatements.org/vocab/InC-EDU/1.0/,blot_2018-10.pdf,pdf,https://www.lib.uidaho.edu/digital/objects/blot/blot_2018-10.pdf,https://www.lib.uidaho.edu/digital/objects/blot/small/blot_2018-10_sm.jpg,https://www.lib.uidaho.edu/digital/objects/blot/thumbs/blot_2018-10_th.jpg
blot_2018-12,Blot Magazine December 2018,2018-12,Studying hungry; More than what meets the eye; The science behind the craft; Documented and afraid; The age of convergence; Nature's balancing act; Breaking focus,"Stewart, Hailey; Heersink, Olivia; Brizee, Alex; Evans, Joleen; Pfannenstiel, Kyle; Spelbring, Meredith; Hill, Brandon",University of Idaho Student Media,"Blot Magazine, Student Media, University of Idaho, https://www.uidaho.edu/current-students/student-involvement/student-media",application/pdf,Text,eng,"Materials from the University of Idaho Library's Digital Collections are made available online for research purposes. Copyright is retained by original copyright holders. Please contact Blot Magazine, Student Media, University of Idaho, https://www.uidaho.edu/current-students/student-involvement/student-media",http://rightsstatements.org/vocab/InC-EDU/1.0/,blot_2018-12.pdf,pdf,https://www.lib.uidaho.edu/digital/objects/blot/blot_2018-12.pdf,https://www.lib.uidaho.edu/digital/objects/blot/small/blot_2018-12_sm.jpg,https://www.lib.uidaho.edu/digital/objects/blot/thumbs/blot_2018-12_th.jpg
blot_2019-03,Blot Magazine March 2019,2019-03,Breaking down bars; Local service turned global; Connecting with the crowd; Putting the person first; The science of artistry; Building a cleaner future,"Stewart, Hailey; Heersink, Olivia; Brizee, Alex; Evans, Joleen; Pfannenstiel, Kyle; Spelbring, Meredith; Hill, Brandon",University of Idaho Student Media,"Blot Magazine, Student Media, University of Idaho, https://www.uidaho.edu/current-students/student-involvement/student-media",application/pdf,Text,eng,"Materials from the University of Idaho Library's Digital Collections are made available online for research purposes. Copyright is retained by original copyright holders. Please contact Blot Magazine, Student Media, University of Idaho, https://www.uidaho.edu/current-students/student-involvement/student-media",http://rightsstatements.org/vocab/InC-EDU/1.0/,blot_2019-03.pdf,pdf,https://www.lib.uidaho.edu/digital/objects/blot/blot_2019-03.pdf,https://www.lib.uidaho.edu/digital/objects/blot/small/blot_2019-03_sm.jpg,https://www.lib.uidaho.edu/digital/objects/blot/thumbs/blot_2019-03_th.jpg
blot_2019-05,Blot Magazine May 2019,2019-05,Bred for success; 'We just want to live'; One dot at a time; Taking a bite out of education; Cycling full circle; Preserving an industry,"Stewart, Hailey; Heersink, Olivia; Brizee, Alex; Evans, Joleen; Pfannenstiel, Kyle; Spelbring, Meredith; Hill, Brandon",University of Idaho Student Media,"Blot Magazine, Student Media, University of Idaho, https://www.uidaho.edu/current-students/student-involvement/student-media",application/pdf,Text,eng,"Materials from the University of Idaho Library's Digital Collections are made available online for research purposes. Copyright is retained by original copyright holders. Please contact Blot Magazine, Student Media, University of Idaho, https://www.uidaho.edu/current-students/student-involvement/student-media",http://rightsstatements.org/vocab/InC-EDU/1.0/,blot_2019-05.pdf,pdf,https://www.lib.uidaho.edu/digital/objects/blot/blot_2019-05.pdf,https://www.lib.uidaho.edu/digital/objects/blot/small/blot_2019-05_sm.jpg,https://www.lib.uidaho.edu/digital/objects/blot/thumbs/blot_2019-05_th.jpg
blot_2019-10,Blot Magazine October 2019,2019-10,"More than a word; Changes in latitudes, changes in attitudes, changes in fashion; Stay alert, stay aware, stay alive; 100 years of 'Go Vandals'; What does it mean to be a Vandal?; Coming home; Diving deeper; As the arrow flies; Humans of Moscow; Firewood","Trombly, Lindsay; Spain, Allison; Hunsaker, Hagen; Finnegan, Brianna; Marshall, Elizabeth; Allred, Cody",University of Idaho Student Media,"Blot Magazine, Student Media, University of Idaho, https://www.uidaho.edu/current-students/student-involvement/student-media",application/pdf,Text,eng,"Materials from the University of Idaho Library's Digital Collections are made available online for research purposes. Copyright is retained by original copyright holders. Please contact Blot Magazine, Student Media, University of Idaho, https://www.uidaho.edu/current-students/student-involvement/student-media",http://rightsstatements.org/vocab/InC-EDU/1.0/,blot_2019-10.pdf,pdf,https://www.lib.uidaho.edu/digital/objects/blot/blot_2019-10.pdf,https://www.lib.uidaho.edu/digital/objects/blot/small/blot_2019-10_sm.jpg,https://www.lib.uidaho.edu/digital/objects/blot/thumbs/blot_2019-10_th.jpg
blot_2019-12,Blot Magazine December 2019,2019-12,"8,000 Miles away from home; Collecting memories; The bayou; Take a breath; Art of drag","Trombly, Lindsay; Spain, Allison; Hunsaker, Hagen; Finnegan, Brianna; Haun, Riley; Allred, Cody",University of Idaho Student Media,"Blot Magazine, Student Media, University of Idaho, https://www.uidaho.edu/current-students/student-involvement/student-media",application/pdf,Text,eng,"Materials from the University of Idaho Library's Digital Collections are made available online for research purposes. Copyright is retained by original copyright holders. Please contact Blot Magazine, Student Media, University of Idaho, https://www.uidaho.edu/current-students/student-involvement/student-media",http://rightsstatements.org/vocab/InC-EDU/1.0/,blot_2019-12.pdf,pdf,https://www.lib.uidaho.edu/digital/objects/blot/blot_2019-12.pdf,https://www.lib.uidaho.edu/digital/objects/blot/small/blot_2019-12_sm.jpg,https://www.lib.uidaho.edu/digital/objects/blot/thumbs/blot_2019-12_th.jpg
blot_2020-03,Blot Magazine March 2020,2020-03,The bean breakdown; Flashes of pink and green; A community divided; The close up; Standing out,"Trombly, Lindsay; Allred, Cody; Anderson, Trent; Finnegan, Brianna; Haun, Riley; Carr, Stevie; Holdridge, Lizzie",University of Idaho Student Media,"Blot Magazine, Student Media, University of Idaho, https://www.uidaho.edu/current-students/student-involvement/student-media",application/pdf,Text,eng,"Materials from the University of Idaho Library's Digital Collections are made available online for research purposes. Copyright is retained by original copyright holders. Please contact Blot Magazine, Student Media, University of Idaho, https://www.uidaho.edu/current-students/student-involvement/student-media",http://rightsstatements.org/vocab/InC-EDU/1.0/,blot_2020-03.pdf,pdf,https://www.lib.uidaho.edu/digital/objects/blot/blot_2020-03.pdf,https://www.lib.uidaho.edu/digital/objects/blot/small/blot_2020-03_sm.jpg,https://www.lib.uidaho.edu/digital/objects/blot/thumbs/blot_2020-03_th.jpg
blot_2020-05,Blot Magazine May 2020,2020-05,"Faces of fire; 33,000 Films later; A journey of self acceptance; A right to vote; Color in darkness","Trombly, Lindsay; Allred, Cody; Anderson, Trent; Finnegan, Brianna; Haun, Riley; Carr, Stevie; Holdridge, Lizzie",University of Idaho Student Media,"Blot Magazine, Student Media, University of Idaho, https://www.uidaho.edu/current-students/student-involvement/student-media",application/pdf,Text,eng,"Materials from the University of Idaho Library's Digital Collections are made available online for research purposes. Copyright is retained by original copyright holders. Please contact Blot Magazine, Student Media, University of Idaho, https://www.uidaho.edu/current-students/student-involvement/student-media",http://rightsstatements.org/vocab/InC-EDU/1.0/,blot_2020-05.pdf,pdf,https://www.lib.uidaho.edu/digital/objects/blot/blot_2020-05.pdf,https://www.lib.uidaho.edu/digital/objects/blot/small/blot_2020-05_sm.jpg,https://www.lib.uidaho.edu/digital/objects/blot/thumbs/blot_2020-05_th.jpg
blot_2020-10,Blot Magazine October 2020,2020-10,"The history repeated; The new (social distanced, mask-wearing) kids on the block; Finding normalcy; ""Now more than ever, people are listening""; Lockdown abroad","Allred, Cody; Haun, Riley; Lund, Taylor; Moore, Dani; Finnegan, Brianna; Holdridge, Elizabeth",University of Idaho Student Media,"Blot Magazine, Student Media, University of Idaho, https://www.uidaho.edu/current-students/student-involvement/student-media",application/pdf,Text,eng,"Materials from the University of Idaho Library's Digital Collections are made available online for research purposes. Copyright is retained by original copyright holders. Please contact Blot Magazine, Student Media, University of Idaho, https://www.uidaho.edu/current-students/student-involvement/student-media",http://rightsstatements.org/vocab/InC-EDU/1.0/,blot_2020-10.pdf,pdf,https://www.lib.uidaho.edu/digital/objects/blot/blot_2020-10.pdf,https://www.lib.uidaho.edu/digital/objects/blot/small/blot_2020-10_sm.jpg,https://www.lib.uidaho.edu/digital/objects/blot/thumbs/blot_2020-10_th.jpg
blot_2020-12,Blot Magazine December 2020,2020-12,"Testing the connection; Missing Moscow; Looking to the past for future success; 'History doesn't repeat itself, but it does rhyme'; From used to useful; Spooky stories to tell in your dorms; Humans of Moscow","Allred, Cody; Haun, Riley; Lund, Taylor; Moore, Dani; Finnegan, Brianna; Holdridge, Elizabeth",University of Idaho Student Media,"Blot Magazine, Student Media, University of Idaho, https://www.uidaho.edu/current-students/student-involvement/student-media",application/pdf,Text,eng,"Materials from the University of Idaho Library's Digital Collections are made available online for research purposes. Copyright is retained by original copyright holders. Please contact Blot Magazine, Student Media, University of Idaho, https://www.uidaho.edu/current-students/student-involvement/student-media",http://rightsstatements.org/vocab/InC-EDU/1.0/,blot_2020-12.pdf,pdf,https://www.lib.uidaho.edu/digital/objects/blot/blot_2020-12.pdf,https://www.lib.uidaho.edu/digital/objects/blot/small/blot_2020-12_sm.jpg,https://www.lib.uidaho.edu/digital/objects/blot/thumbs/blot_2020-12_th.jpg
blot_2021-03,Blot Magazine March 2021,2021-03,"Women's center; Stopping the violence before it starts; An evolution of women in athletics; Beauty in authenticity; Happily, they/them","Finnegan, Brianna; Fackler, Abby; Isenberger, Ashley; Holdridge, Lizzie; Davies, Nataly; Palermo, Angela",University of Idaho Student Media,"Blot Magazine, Student Media, University of Idaho, https://www.uidaho.edu/current-students/student-involvement/student-media",application/pdf,Text,eng,"Materials from the University of Idaho Library's Digital Collections are made available online for research purposes. Copyright is retained by original copyright holders. Please contact Blot Magazine, Student Media, University of Idaho, https://www.uidaho.edu/current-students/student-involvement/student-media",http://rightsstatements.org/vocab/InC-EDU/1.0/,blot_2021-03.pdf,pdf,https://www.lib.uidaho.edu/digital/objects/blot/blot_2021-03.pdf,https://www.lib.uidaho.edu/digital/objects/blot/small/blot_2021-03_sm.jpg,https://www.lib.uidaho.edu/digital/objects/blot/thumbs/blot_2021-03_th.jpg
blot_2021-05,Blot Magazine May 2021,2021-05,A stressed-out student guide to houseplants; Alternative native hunting in the gem state; Fire!: Keeping up with the bees; Your guide to getting outside; Focused on fish; The arboretum; Ruffled feathers,"Finnegan, Brianna; Fackler, Abby; Isenberger, Ashley; Holdridge, Lizzie; Davies, Nataly; Palermo, Angela",University of Idaho Student Media,"Blot Magazine, Student Media, University of Idaho, https://www.uidaho.edu/current-students/student-involvement/student-media",application/pdf,Text,eng,"Materials from the University of Idaho Library's Digital Collections are made available online for research purposes. Copyright is retained by original copyright holders. Please contact Blot Magazine, Student Media, University of Idaho, https://www.uidaho.edu/current-students/student-involvement/student-media",http://rightsstatements.org/vocab/InC-EDU/1.0/,blot_2021-05.pdf,pdf,https://www.lib.uidaho.edu/digital/objects/blot/blot_2021-05.pdf,https://www.lib.uidaho.edu/digital/objects/blot/small/blot_2021-05_sm.jpg,https://www.lib.uidaho.edu/digital/objects/blot/thumbs/blot_2021-05_th.jpg
blot_2021-10,Blot Magazine October 2021,2021-10,Gettin' down and derby; '90's fashion: a photo story; Vandals back to the future; What 90's comeback trend are you?; HUmans of Moscow; Caught in a keepsake; Cuffing season,"Finnegan, Brianna; Fackler, Abby; Isenberger, Ashley; Brown, Dakota; Davies, Nataly; Brockett, Bailey; Pearce, Emily",University of Idaho Student Media,"Blot Magazine, Student Media, University of Idaho, https://www.uidaho.edu/current-students/student-involvement/student-media",application/pdf,Text,eng,"Materials from the University of Idaho Library's Digital Collections are made available online for research purposes. Copyright is retained by original copyright holders. Please contact Blot Magazine, Student Media, University of Idaho, https://www.uidaho.edu/current-students/student-involvement/student-media",http://rightsstatements.org/vocab/InC-EDU/1.0/,blot_2021-10.pdf,pdf,https://www.lib.uidaho.edu/digital/objects/blot/blot_2021-10.pdf,https://www.lib.uidaho.edu/digital/objects/blot/small/blot_2021-10_sm.jpg,https://www.lib.uidaho.edu/digital/objects/blot/thumbs/blot_2021-10_th.jpg
blot_2021-12,Blot Magazine December 2021,2021-12,"Sustainability starts at home; VTD program studies digital worlds; The evolution of Title IX; Swipe, scroll, retweet, repeat; Goals powered by Hydrogen; What the future of mental health holds; Creative writing","Finnegan, Brianna; Fackler, Abby; Isenberger, Ashley; Brown, Dakota; Davies, Nataly; Brockett, Bailey; Pearce, Emily",University of Idaho Student Media,"Blot Magazine, Student Media, University of Idaho, https://www.uidaho.edu/current-students/student-involvement/student-media",application/pdf,Text,eng,"Materials from the University of Idaho Library's Digital Collections are made available online for research purposes. Copyright is retained by original copyright holders. Please contact Blot Magazine, Student Media, University of Idaho, https://www.uidaho.edu/current-students/student-involvement/student-media",http://rightsstatements.org/vocab/InC-EDU/1.0/,blot_2021-12.pdf,pdf,https://www.lib.uidaho.edu/digital/objects/blot/blot_2021-12.pdf,https://www.lib.uidaho.edu/digital/objects/blot/small/blot_2021-12_sm.jpg,https://www.lib.uidaho.edu/digital/objects/blot/thumbs/blot_2021-12_th.jpg
blot_1946-12,Blot Magazine December 1946,1946-12,A stressed-out student guide to houseplants; Alternative native hunting in the gem state; Fire!: Kepping up with the bees; Your guide to getting outside; Focused on fish; The arboretum; Ruffled feathers,"Robinson, Elizabeth; Paulsen, Maurice; Booth, Bob; Potvin, Greg; Rankin, Don; Morris, Marge",University of Idaho Student Media,"Blot Magazine, Student Media, University of Idaho, https://www.uidaho.edu/current-students/student-involvement/student-media",application/pdf,Text,eng,"Materials from the University of Idaho Library's Digital Collections are made available online for research purposes. Copyright is retained by original copyright holders. Please contact Blot Magazine, Student Media, University of Idaho, https://www.uidaho.edu/current-students/student-involvement/student-media",http://rightsstatements.org/vocab/InC-EDU/1.0/,blot_1946-12.pdf,pdf,https://www.lib.uidaho.edu/digital/objects/blot/blot_1946-12.pdf,https://www.lib.uidaho.edu/digital/objects/blot/small/blot_1946-12_sm.jpg,https://www.lib.uidaho.edu/digital/objects/blot/thumbs/blot_1946-12_th.jpg
blot_1947-02,Blot Magazine February 1947,1947-02,"Return; Food for thought; Number One Veteran; 'Sno Fun; Mon cher; Answer that phone!; Thirty-seven sisters; Nickle, Please......; Wife of Bath's Tale; The University That Wanted to Sniff Roses; Pandemonium","Paulsen, Maurice; Booth, Bob; Hobza, Naomi; Potvin, Greg",University of Idaho Student Media,"Blot Magazine, Student Media, University of Idaho, https://www.uidaho.edu/current-students/student-involvement/student-media",application/pdf,Text,eng,"Materials from the University of Idaho Library's Digital Collections are made available online for research purposes. Copyright is retained by original copyright holders. Please contact Blot Magazine, Student Media, University of Idaho, https://www.uidaho.edu/current-students/student-involvement/student-media",http://rightsstatements.org/vocab/InC-EDU/1.0/,blot_1947-02.pdf,pdf,https://www.lib.uidaho.edu/digital/objects/blot/blot_1947-02.pdf,https://www.lib.uidaho.edu/digital/objects/blot/small/blot_1947-02_sm.jpg,https://www.lib.uidaho.edu/digital/objects/blot/thumbs/blot_1947-02_th.jpg
blot_1947-03,Blot Magazine March 1947,1947-03,"It's a Mighty Nice Day; Swingin' gloves; Campus Jazz; Movies.... Local Theatre Screens War Thriller; In Search of Sympathy; Tough Customer; The Good Ol' Days; Patti of the Leotards; They Climbed the Golden Stairs; Go, Vandals, go; Thirty-Seven Sisters; Beatrice, the Bare Bear; The Beachcombers; Moonlight in Sun Valley (sheet music); Pandemonium","Paulsen, Maurice; Booth, Bob",University of Idaho Student Media,"Blot Magazine, Student Media, University of Idaho, https://www.uidaho.edu/current-students/student-involvement/student-media",application/pdf,Text,eng,"Materials from the University of Idaho Library's Digital Collections are made available online for research purposes. Copyright is retained by original copyright holders. Please contact Blot Magazine, Student Media, University of Idaho, https://www.uidaho.edu/current-students/student-involvement/student-media",http://rightsstatements.org/vocab/InC-EDU/1.0/,blot_1947-03.pdf,pdf,https://www.lib.uidaho.edu/digital/objects/blot/blot_1947-03.pdf,https://www.lib.uidaho.edu/digital/objects/blot/small/blot_1947-03_sm.jpg,https://www.lib.uidaho.edu/digital/objects/blot/thumbs/blot_1947-03_th.jpg
blot_1947-summer,Blot Magazine Summer 1947,1947-05,The Eyes of Courage; Out of Danger; The Woman Behind Dixie; Sheila; New Summer Togs Accent Men's Styles; Bywords In Women's Clothes Are Comfort and Smartness; The Smoke Ring...; Back Stage with the Chesterfield Supper Club Family; Artland; Thirty-Seven Sisters; Pandemonium,"Paulsen, Maurice; Butterfield, Sam; Newman, Bob",University of Idaho Student Media,"Blot Magazine, Student Media, University of Idaho, https://www.uidaho.edu/current-students/student-involvement/student-media",application/pdf,Text,eng,"Materials from the University of Idaho Library's Digital Collections are made available online for research purposes. Copyright is retained by original copyright holders. Please contact Blot Magazine, Student Media, University of Idaho, https://www.uidaho.edu/current-students/student-involvement/student-media",http://rightsstatements.org/vocab/InC-EDU/1.0/,blot_1947-summer.pdf,pdf,https://www.lib.uidaho.edu/digital/objects/blot/blot_1947-summer.pdf,https://www.lib.uidaho.edu/digital/objects/blot/small/blot_1947-summer_sm.jpg,https://www.lib.uidaho.edu/digital/objects/blot/thumbs/blot_1947-summer_th.jpg
blot_1947-fall,Blot Magazine Fall 1947,1947-10,Boyd Martin: Political Scientist; Things like dawns; Moscow: Heart of the Palouse Country; They said we'd never print it -- Wanna Buy a Blot?; Up to See my Etchings; Pass the peaches; The Library Situation; Blot goes to homecoming; Whither thou ghost; Blot's fotocrime; The Fashion Quandary,"Paulsen, Maurice; Cutler, Newt; Dell, Dick; Thomas, June; Wetherbee, Thelma; Finlayson, Bob; Holen, Dode",University of Idaho Student Media,"Blot Magazine, Student Media, University of Idaho, https://www.uidaho.edu/current-students/student-involvement/student-media",application/pdf,Text,eng,"Materials from the University of Idaho Library's Digital Collections are made available online for research purposes. Copyright is retained by original copyright holders. Please contact Blot Magazine, Student Media, University of Idaho, https://www.uidaho.edu/current-students/student-involvement/student-media",http://rightsstatements.org/vocab/InC-EDU/1.0/,blot_1947-fall.pdf,pdf,https://www.lib.uidaho.edu/digital/objects/blot/blot_1947-fall.pdf,https://www.lib.uidaho.edu/digital/objects/blot/small/blot_1947-fall_sm.jpg,https://www.lib.uidaho.edu/digital/objects/blot/thumbs/blot_1947-fall_th.jpg
blot_1947-christmas,Blot Magazine Christmas 1947,1947-12,"Before the Final Curtain; Mirror, mirror, on the wall; Boise: Hub of the State; HIT and RUN; No Title at All; Why I Became a Nudist; Paul Lonardo: 'Aging' Linguist; One day's daze, or life with Idaho coed; Blot Blat; The Old Home Town; The Art of Skiing; Birth of the Saxophone; The fashion quandary; Pandemonium ","Paulsen, Maurice; Cutler, Newt; Thomas, June; Wetherbee, Thelma; Finlayson, Bob",University of Idaho Student Media,"Blot Magazine, Student Media, University of Idaho, https://www.uidaho.edu/current-students/student-involvement/student-media",application/pdf,Text,eng,"Materials from the University of Idaho Library's Digital Collections are made available online for research purposes. Copyright is retained by original copyright holders. Please contact Blot Magazine, Student Media, University of Idaho, https://www.uidaho.edu/current-students/student-involvement/student-media",http://rightsstatements.org/vocab/InC-EDU/1.0/,blot_1947-christmas.pdf,pdf,https://www.lib.uidaho.edu/digital/objects/blot/blot_1947-christmas.pdf,https://www.lib.uidaho.edu/digital/objects/blot/small/blot_1947-christmas_sm.jpg,https://www.lib.uidaho.edu/digital/objects/blot/thumbs/blot_1947-christmas_th.jpg
blot_1948-spring,Blot Magazine Spring 1948,1948-03,"Change of Tempo; ""Hatcher, You're a Lyin' Skunk""; Herb Carlson and champion gloves; Two Students; It's Cheaper if Everyone Works; Photo Quiz; Coeur d'Alene: Playground of the North; The Fashion Quandary; Pandemonium; Easy Money Department","Paulsen, Maurice; Cutler, Newt; Thomas, June; Wetherbee, Thelma; Finlayson, Bob",University of Idaho Student Media,"Blot Magazine, Student Media, University of Idaho, https://www.uidaho.edu/current-students/student-involvement/student-media",application/pdf,Text,eng,"Materials from the University of Idaho Library's Digital Collections are made available online for research purposes. Copyright is retained by original copyright holders. Please contact Blot Magazine, Student Media, University of Idaho, https://www.uidaho.edu/current-students/student-involvement/student-media",http://rightsstatements.org/vocab/InC-EDU/1.0/,blot_1948-spring.pdf,pdf,https://www.lib.uidaho.edu/digital/objects/blot/blot_1948-spring.pdf,https://www.lib.uidaho.edu/digital/objects/blot/small/blot_1948-spring_sm.jpg,https://www.lib.uidaho.edu/digital/objects/blot/thumbs/blot_1948-spring_th.jpg
blot_1948-summer,Blot Magazine Summer 1948,1948-05,"Pandemonium; The Fashion Quandary; Blot Goes to the May Fete; Sentano air strip; Memoirs of a Flash Mechanic Or, How to Alienate Housemothers; Now That Senior...; Blot Blat; Mother and the Piano; 'That is the Question'; Blot Goes to the Cinema; Pocatello: Gate City of the West; Not So Much Gravy; Poll Shows Students Poorly Informed On Foreign and National Happenings; Dr. Erwin Graue: Economic Man; The Way Things Go; She's lovely... She's Engaged!; From a Leaky Pen; Easy Money Department ","Paulsen, Maurice; Cutler, Newt; Jain, Walt; Thomas, June; Wetherbee, Thelma; Finlayson, Bob",University of Idaho Student Media,"Blot Magazine, Student Media, University of Idaho, https://www.uidaho.edu/current-students/student-involvement/student-media",application/pdf,Text,eng,"Materials from the University of Idaho Library's Digital Collections are made available online for research purposes. Copyright is retained by original copyright holders. Please contact Blot Magazine, Student Media, University of Idaho, https://www.uidaho.edu/current-students/student-involvement/student-media",http://rightsstatements.org/vocab/InC-EDU/1.0/,blot_1948-summer.pdf,pdf,https://www.lib.uidaho.edu/digital/objects/blot/blot_1948-summer.pdf,https://www.lib.uidaho.edu/digital/objects/blot/small/blot_1948-summer_sm.jpg,https://www.lib.uidaho.edu/digital/objects/blot/thumbs/blot_1948-summer_th.jpg
blot_1948-fall,Blot Magazine Fall 1948,1948,"Too Short A Life; Let's Go Now!!; The Painting; There's Good Spruce Tonight; Back Stage; Dating Habits of Idaho Males; Critical But Not Serious; Which Twin Has the Poni Home Pernament?; To and Back Again; ""November Style Review""; Madamoiselle; They Always Call Her Beautiful; Appraisal and a Plea; Sea Story; After the Game; Pandemonium","Jain, Walt; Finlayson, Bob; Galvin, Maxine; Spoerhase, Jim; Hamilton, Pat; Darwin, Sheila",University of Idaho Student Media,"Blot Magazine, Student Media, University of Idaho, https://www.uidaho.edu/current-students/student-involvement/student-media",application/pdf,Text,eng,"Materials from the University of Idaho Library's Digital Collections are made available online for research purposes. Copyright is retained by original copyright holders. Please contact Blot Magazine, Student Media, University of Idaho, https://www.uidaho.edu/current-students/student-involvement/student-media",http://rightsstatements.org/vocab/InC-EDU/1.0/,blot_1948-fall.pdf,pdf,https://www.lib.uidaho.edu/digital/objects/blot/blot_1948-fall.pdf,https://www.lib.uidaho.edu/digital/objects/blot/small/blot_1948-fall_sm.jpg,https://www.lib.uidaho.edu/digital/objects/blot/thumbs/blot_1948-fall_th.jpg
blot_1949-snafu,Blot Magazine Snafu 1949,1949,"The Case of the Cold Clammy Corpse; Dear Congressman....; Be Sure To Look Up; Weddings; Cindy Rella and the Brawl; Action; Registered, Airmail, Special-Delivery; ""And To Dust Returneth""....; Winter Wonderland; Fashion Fun; ""Brief Glory"" ","Jain, Walt; Finlayson, Bob; Galvin, Maxine; Spoerhase, Jim; Hamilton, Pat; Darwin, Sheila",University of Idaho Student Media,"Blot Magazine, Student Media, University of Idaho, https://www.uidaho.edu/current-students/student-involvement/student-media",application/pdf,Text,eng,"Materials from the University of Idaho Library's Digital Collections are made available online for research purposes. Copyright is retained by original copyright holders. Please contact Blot Magazine, Student Media, University of Idaho, https://www.uidaho.edu/current-students/student-involvement/student-media",http://rightsstatements.org/vocab/InC-EDU/1.0/,blot_1949-snafu.pdf,pdf,https://www.lib.uidaho.edu/digital/objects/blot/blot_1949-snafu.pdf,https://www.lib.uidaho.edu/digital/objects/blot/small/blot_1949-snafu_sm.jpg,https://www.lib.uidaho.edu/digital/objects/blot/thumbs/blot_1949-snafu_th.jpg
blot_1949-march,"Blot Magazine Sunshine Issue, March 1949",1949-03,This Final Sin; Coffee Perkin'; Shortcut to Yesterday; No savvy; A Lesson in History; A Last Goodbye; Blot Applauds; Idaho Opens a New Sorority; Poet's Corner,"Finlayson, Bob; Hargis, Marie; Darwin, Sheila; Spoerhase, Jim; Hamilton, Hat; Jones, Cal; Pitwood, Don",University of Idaho Student Media,"Blot Magazine, Student Media, University of Idaho, https://www.uidaho.edu/current-students/student-involvement/student-media",application/pdf,Text,eng,"Materials from the University of Idaho Library's Digital Collections are made available online for research purposes. Copyright is retained by original copyright holders. Please contact Blot Magazine, Student Media, University of Idaho, https://www.uidaho.edu/current-students/student-involvement/student-media",http://rightsstatements.org/vocab/InC-EDU/1.0/,blot_1949-march.pdf,pdf,https://www.lib.uidaho.edu/digital/objects/blot/blot_1949-march.pdf,https://www.lib.uidaho.edu/digital/objects/blot/small/blot_1949-march_sm.jpg,https://www.lib.uidaho.edu/digital/objects/blot/thumbs/blot_1949-march_th.jpg
blot_1949-may,"Blot Magazine Fair & Warmer Issue, May, 1949",1949-05,Now It Can Be Told!!; Pay Day; The Grand Finale; Mia Dia; The Deep Search; Wednesday Night Agony; The Argonaut Story; Fables For This Week; RideMister; Blot Applauds; Life Without Father; Vacation With Pay; The Seamer and the Plumbtress; This Year's Youngest Grad; Coverin' the Carnival; My Wife Earns My Check; A Tale of Old Hesstonihay,"Finlayson, Bob; Hargis, Marie; Darwin, Sheila; Spoerhase, Jim; Pitwood, Don; Hamilton, Pat; Jones, Cal",University of Idaho Student Media,"Blot Magazine, Student Media, University of Idaho, https://www.uidaho.edu/current-students/student-involvement/student-media",application/pdf,Text,eng,"Materials from the University of Idaho Library's Digital Collections are made available online for research purposes. Copyright is retained by original copyright holders. Please contact Blot Magazine, Student Media, University of Idaho, https://www.uidaho.edu/current-students/student-involvement/student-media",http://rightsstatements.org/vocab/InC-EDU/1.0/,blot_1949-may.pdf,pdf,https://www.lib.uidaho.edu/digital/objects/blot/blot_1949-may.pdf,https://www.lib.uidaho.edu/digital/objects/blot/small/blot_1949-may_sm.jpg,https://www.lib.uidaho.edu/digital/objects/blot/thumbs/blot_1949-may_th.jpg
blot_1949-september,"Blot Magazine Welcome Issue, September 1949",1949-09,A Chat With the President; Let's Get Acquainted; Desert Flight; Queen of the Year; The Funeral; The Big Seven; Ebb Tide; The Reincarnation of Carry Nation; Summer Vacation; Romance in Helen's Tent; Fall Favorites; Ruth Was Yesterday; Summer School in the USAF; Before the Sun,"Finlayson, Bob; Hargis, Marie; Darwin, Sheila; Pittwood, Don; Jones, Cal; Hamilton, Pat",University of Idaho Student Media,"Blot Magazine, Student Media, University of Idaho, https://www.uidaho.edu/current-students/student-involvement/student-media",application/pdf,Text,eng,"Materials from the University of Idaho Library's Digital Collections are made available online for research purposes. Copyright is retained by original copyright holders. Please contact Blot Magazine, Student Media, University of Idaho, https://www.uidaho.edu/current-students/student-involvement/student-media",http://rightsstatements.org/vocab/InC-EDU/1.0/,blot_1949-september.pdf,pdf,https://www.lib.uidaho.edu/digital/objects/blot/blot_1949-september.pdf,https://www.lib.uidaho.edu/digital/objects/blot/small/blot_1949-september_sm.jpg,https://www.lib.uidaho.edu/digital/objects/blot/thumbs/blot_1949-september_th.jpg
blot_1949-october,"Blot Magazine Fall issue, 1949",1949-10,Those Wonderful Fans; Hansul and Gruntel; Operation Rush; The Blossom; I walked Into The Night; Head in the Clouds; The Half Wits Mistake; Game Time....for Idaho Coeds; The Tragic End of Smelly Anna; The Big Day; Blot Applauds,"Finlayson, Bob; Hargis, Marie; Darwin, Sheila; Black, Sherman; Jones, Cal; Brockman, Earl; Brown, Tally; Ball, Shirley",University of Idaho Student Media,"Blot Magazine, Student Media, University of Idaho, https://www.uidaho.edu/current-students/student-involvement/student-media",application/pdf,Text,eng,"Materials from the University of Idaho Library's Digital Collections are made available online for research purposes. Copyright is retained by original copyright holders. Please contact Blot Magazine, Student Media, University of Idaho, https://www.uidaho.edu/current-students/student-involvement/student-media",http://rightsstatements.org/vocab/InC-EDU/1.0/,blot_1949-october.pdf,pdf,https://www.lib.uidaho.edu/digital/objects/blot/blot_1949-october.pdf,https://www.lib.uidaho.edu/digital/objects/blot/small/blot_1949-october_sm.jpg,https://www.lib.uidaho.edu/digital/objects/blot/thumbs/blot_1949-october_th.jpg
blot_1949-christmas,"Blot Magazine Christmas Special, 1949",1949-12,"Merry Christmas, My Darling; The Modern Herod; A Christmas Peril; The Voice of the Vandal; Memoir of a Belgium Christmas; Christmas Tales for the Modern Reader; Gift Shopper Guide; Maple Masters; Students From Abroad; Blot Applauds Santa Claus; Staff Notes; Christmas Wire; ""Twas the Night After Christmas""","Finlayson, Bob; Hargis, Marie; Darwin, Sheila; Brockman, Earl; Black, Sherman; Jones, Cal; Ball, Shirley; Brown, Tally",University of Idaho Student Media,"Blot Magazine, Student Media, University of Idaho, https://www.uidaho.edu/current-students/student-involvement/student-media",application/pdf,Text,eng,"Materials from the University of Idaho Library's Digital Collections are made available online for research purposes. Copyright is retained by original copyright holders. Please contact Blot Magazine, Student Media, University of Idaho, https://www.uidaho.edu/current-students/student-involvement/student-media",http://rightsstatements.org/vocab/InC-EDU/1.0/,blot_1949-christmas.pdf,pdf,https://www.lib.uidaho.edu/digital/objects/blot/blot_1949-christmas.pdf,https://www.lib.uidaho.edu/digital/objects/blot/small/blot_1949-christmas_sm.jpg,https://www.lib.uidaho.edu/digital/objects/blot/thumbs/blot_1949-christmas_th.jpg
blot_1950-march,"Blot Magazine March Issue, Spring 1950",1950-03,On Earth What Reason?; Idaho's Water Babies; The Joker and the Queen; The Fourth Degree; Blot Applauds; A Backward Glance; The Idaho Blue Bucket; Blot Looks at the Flapper Era; Poet's Corner,"Hargis, Marie; Black, Sherman; Nepean, Don; Brown, Tally; Ball, Shirley; Eggelson, Ann",University of Idaho Student Media,"Blot Magazine, Student Media, University of Idaho, https://www.uidaho.edu/current-students/student-involvement/student-media",application/pdf,Text,eng,"Materials from the University of Idaho Library's Digital Collections are made available online for research purposes. Copyright is retained by original copyright holders. Please contact Blot Magazine, Student Media, University of Idaho, https://www.uidaho.edu/current-students/student-involvement/student-media",http://rightsstatements.org/vocab/InC-EDU/1.0/,blot_1950-march.pdf,pdf,https://www.lib.uidaho.edu/digital/objects/blot/blot_1950-march.pdf,https://www.lib.uidaho.edu/digital/objects/blot/small/blot_1950-march_sm.jpg,https://www.lib.uidaho.edu/digital/objects/blot/thumbs/blot_1950-march_th.jpg
blot_1950-class-of-50,"Blot Magazine Class of '50 Issue, 1950",1950,The Mantis; The Magic Circle; Ill is the Wind; The Postman; Hiserman; Cinder Man; A Breath of Spring; BLOT Goes to a First Night; BLOT Applauds; Poets' Corner,"Hargis, Marie; Gartin, Bob; Black, Sherman; Nepean, Don; Brown; Tally; Eggelson, Ann",University of Idaho Student Media,"Blot Magazine, Student Media, University of Idaho, https://www.uidaho.edu/current-students/student-involvement/student-media",application/pdf,Text,eng,"Materials from the University of Idaho Library's Digital Collections are made available online for research purposes. Copyright is retained by original copyright holders. Please contact Blot Magazine, Student Media, University of Idaho, https://www.uidaho.edu/current-students/student-involvement/student-media",http://rightsstatements.org/vocab/InC-EDU/1.0/,blot_1950-class-of-50.pdf,pdf,https://www.lib.uidaho.edu/digital/objects/blot/blot_1950-class-of-50.pdf,https://www.lib.uidaho.edu/digital/objects/blot/small/blot_1950-class-of-50_sm.jpg,https://www.lib.uidaho.edu/digital/objects/blot/thumbs/blot_1950-class-of-50_th.jpg
blot_1950-september,Blot Magazine Registration Issue September 1950,1950-09,"And Winter Came; Is This The Year?; Mel; Let 'Er Buck; Can You Read Character?; Rage of the Sage; Meet Blotter; Fashions of the Hour; His Lady, the S-87","Hargis, Marie; Gartin, Bob; Nepean, Don; Black, Sherman; Brown, Tally",University of Idaho Student Media,"Blot Magazine, Student Media, University of Idaho, https://www.uidaho.edu/current-students/student-involvement/student-media",application/pdf,Text,eng,"Materials from the University of Idaho Library's Digital Collections are made available online for research purposes. Copyright is retained by original copyright holders. Please contact Blot Magazine, Student Media, University of Idaho, https://www.uidaho.edu/current-students/student-involvement/student-media",http://rightsstatements.org/vocab/InC-EDU/1.0/,blot_1950-september.pdf,pdf,https://www.lib.uidaho.edu/digital/objects/blot/blot_1950-september.pdf,https://www.lib.uidaho.edu/digital/objects/blot/small/blot_1950-september_sm.jpg,https://www.lib.uidaho.edu/digital/objects/blot/thumbs/blot_1950-september_th.jpg
blot_1950-christmas,"Blot Magazine Christmas Special, 1950",1950-12,You're the Killer; Idaho's Newest Building; Friday Night Date; Christmas Traditions Exposed; Winter Comes Early; For Your Enchanted Evening; Johnny Clinton; The World Is Thus and So,"Hargis, Marie; Gartin, Bob; Nepean, Don; Black, Sherman; Eggelson, Ann",University of Idaho Student Media,"Blot Magazine, Student Media, University of Idaho, https://www.uidaho.edu/current-students/student-involvement/student-media",application/pdf,Text,eng,"Materials from the University of Idaho Library's Digital Collections are made available online for research purposes. Copyright is retained by original copyright holders. Please contact Blot Magazine, Student Media, University of Idaho, https://www.uidaho.edu/current-students/student-involvement/student-media",http://rightsstatements.org/vocab/InC-EDU/1.0/,blot_1950-christmas.pdf,pdf,https://www.lib.uidaho.edu/digital/objects/blot/blot_1950-christmas.pdf,https://www.lib.uidaho.edu/digital/objects/blot/small/blot_1950-christmas_sm.jpg,https://www.lib.uidaho.edu/digital/objects/blot/thumbs/blot_1950-christmas_th.jpg
blot_1951-spring,Blot Magazine Spring 1951,1951,"""Speaking of Dogs""; Igor Goes to a Lecture; The Pink Slip; The Winning of Megeen; An American Abroad; Expose!!; Diary of a College Girl; Fashions; How to Read the War News; On the Nature of Lots of Things","Gartin, Bob; Kornher, Ken; Nepean, Don; Thompson, Betty; Brodd, Marilyn; Clyde, Erlene",University of Idaho Student Media,"Blot Magazine, Student Media, University of Idaho, https://www.uidaho.edu/current-students/student-involvement/student-media",application/pdf,Text,eng,"Materials from the University of Idaho Library's Digital Collections are made available online for research purposes. Copyright is retained by original copyright holders. Please contact Blot Magazine, Student Media, University of Idaho, https://www.uidaho.edu/current-students/student-involvement/student-media",http://rightsstatements.org/vocab/InC-EDU/1.0/,blot_1951-spring.pdf,pdf,https://www.lib.uidaho.edu/digital/objects/blot/blot_1951-spring.pdf,https://www.lib.uidaho.edu/digital/objects/blot/small/blot_1951-spring_sm.jpg,https://www.lib.uidaho.edu/digital/objects/blot/thumbs/blot_1951-spring_th.jpg
blot_1951-summer,Blot Magazine Summer Issue 1951,1951,"""Call It Murder""; Igor Goes On A Cincip; A Name For The Noise; Fashions; Quite A Fellow, This Bow-Wow; Sports Round-Up; Flyaway Boys; Two Broom Handles and a Washtub; Incident On Venus; Primer for Phi Bets","Gartin, Bob; Kornher, Ken; Clyde, Erlene; Thompson, Betty; Pierson, Lanna; Brodd, Marilyn",University of Idaho Student Media,"Blot Magazine, Student Media, University of Idaho, https://www.uidaho.edu/current-students/student-involvement/student-media",application/pdf,Text,eng,"Materials from the University of Idaho Library's Digital Collections are made available online for research purposes. Copyright is retained by original copyright holders. Please contact Blot Magazine, Student Media, University of Idaho, https://www.uidaho.edu/current-students/student-involvement/student-media",http://rightsstatements.org/vocab/InC-EDU/1.0/,blot_1951-summer.pdf,pdf,https://www.lib.uidaho.edu/digital/objects/blot/blot_1951-summer.pdf,https://www.lib.uidaho.edu/digital/objects/blot/small/blot_1951-summer_sm.jpg,https://www.lib.uidaho.edu/digital/objects/blot/thumbs/blot_1951-summer_th.jpg
blot_2010-april,Blot Magazine April Issue 2020,2010-04,"Stepping Into the Octagon; Gimme Fuel, Gimme Fire, Gimme That Which I Desire; A New Landscape For Sexual Diversity; Winning the Battle; High Hopes, Big Dreams","Rudd, Elizabeth; Otzenberger, Kevin; Jacob Smith; Kelcie Moseley",University of Idaho Student Media,"Blot Magazine, Student Media, University of Idaho, https://www.uidaho.edu/current-students/student-involvement/student-media",application/pdf,Text,eng,"Materials from the University of Idaho Library's Digital Collections are made available online for research purposes. Copyright is retained by original copyright holders. Please contact Blot Magazine, Student Media, University of Idaho, https://www.uidaho.edu/current-students/student-involvement/student-media",http://rightsstatements.org/vocab/InC-EDU/1.0/,blot_2010-april.pdf,pdf,https://www.lib.uidaho.edu/digital/objects/blot/blot_2010-april.pdf,https://www.lib.uidaho.edu/digital/objects/blot/small/blot_2010-april_sm.jpg,https://www.lib.uidaho.edu/digital/objects/blot/thumbs/blot_2010-april_th.jpg
blot_2009-december,Blot Magazine December 2009,2009-12,Leveling the Playing Field; Breaking Down Digital Networking; Local Scene Inspires Student Musicians; 1a.m.-4a.m.: Moscow; 10 Cheap Moscow Dates; Inside the Net: Blocking the Competition; Rallying the Most Out of Life; photo gallery,"DesJarlais, Kayla; Rudd, Elizabeth",University of Idaho Student Media,"Blot Magazine, Student Media, University of Idaho, https://www.uidaho.edu/current-students/student-involvement/student-media",application/pdf,Text,eng,"Materials from the University of Idaho Library's Digital Collections are made available online for research purposes. Copyright is retained by original copyright holders. Please contact Blot Magazine, Student Media, University of Idaho, https://www.uidaho.edu/current-students/student-involvement/student-media",http://rightsstatements.org/vocab/InC-EDU/1.0/,blot_2009-december.pdf,pdf,https://www.lib.uidaho.edu/digital/objects/blot/blot_2009-december.pdf,https://www.lib.uidaho.edu/digital/objects/blot/small/blot_2009-december_sm.jpg,https://www.lib.uidaho.edu/digital/objects/blot/thumbs/blot_2009-december_th.jpg
blot_2009-november,Blot Magazine November 2009,2009-11,Beyond Black and White; Behind the Face of the Clock Tower; Now What?; Education Through Outdoor Recreation; From the Rugby Pitch to the Football Field; German Legs Set Idaho Records; Student Gallery,"DesJarlais, Kayla; Rudd, Elizabeth; Solotov, Ivan",University of Idaho Student Media,"Blot Magazine, Student Media, University of Idaho, https://www.uidaho.edu/current-students/student-involvement/student-media",application/pdf,Text,eng,"Materials from the University of Idaho Library's Digital Collections are made available online for research purposes. Copyright is retained by original copyright holders. Please contact Blot Magazine, Student Media, University of Idaho, https://www.uidaho.edu/current-students/student-involvement/student-media",http://rightsstatements.org/vocab/InC-EDU/1.0/,blot_2009-november.pdf,pdf,https://www.lib.uidaho.edu/digital/objects/blot/blot_2009-november.pdf,https://www.lib.uidaho.edu/digital/objects/blot/small/blot_2009-november_sm.jpg,https://www.lib.uidaho.edu/digital/objects/blot/thumbs/blot_2009-november_th.jpg
blot_2009-april,Blot Magazine April 2009,2009-04,Chasing the high; Waiting for peace; The inner workings of a DDD performance; Raw art; Kayla Mortellaro; Artem Kuznetsov; Pimp rides; Gallery,"Hirai, Kimberly; Turner, Alexis; Lords, Christina",University of Idaho Student Media,"Blot Magazine, Student Media, University of Idaho, https://www.uidaho.edu/current-students/student-involvement/student-media",application/pdf,Text,eng,"Materials from the University of Idaho Library's Digital Collections are made available online for research purposes. Copyright is retained by original copyright holders. Please contact Blot Magazine, Student Media, University of Idaho, https://www.uidaho.edu/current-students/student-involvement/student-media",http://rightsstatements.org/vocab/InC-EDU/1.0/,blot_2009-april.pdf,pdf,https://www.lib.uidaho.edu/digital/objects/blot/blot_2009-april.pdf,https://www.lib.uidaho.edu/digital/objects/blot/small/blot_2009-april_sm.jpg,https://www.lib.uidaho.edu/digital/objects/blot/thumbs/blot_2009-april_th.jpg
blot_2009-march,Blot Magazine March 2009,2009-03,Through the shot glass; Game on; Life in translation; McCall Outdoor Science School; Amanda Morrow; Cesar Barquero; Deep research from UI's College of Graduate Studies,"Hirai, Kimberly; Turner, Alexis; Lords, Christina",University of Idaho Student Media,"Blot Magazine, Student Media, University of Idaho, https://www.uidaho.edu/current-students/student-involvement/student-media",application/pdf,Text,eng,"Materials from the University of Idaho Library's Digital Collections are made available online for research purposes. Copyright is retained by original copyright holders. Please contact Blot Magazine, Student Media, University of Idaho, https://www.uidaho.edu/current-students/student-involvement/student-media",http://rightsstatements.org/vocab/InC-EDU/1.0/,blot_2009-march.pdf,pdf,https://www.lib.uidaho.edu/digital/objects/blot/blot_2009-march.pdf,https://www.lib.uidaho.edu/digital/objects/blot/small/blot_2009-march_sm.jpg,https://www.lib.uidaho.edu/digital/objects/blot/thumbs/blot_2009-march_th.jpg
blot_2008-december,Blot Magazine December 2008,2008-12,A functional design; Just over broke; Impressions; Still frames; Athletic radar; The last word,"Turner, Alexis; Hirai, Kimberly; Barber, Jake; Lords, Christina",University of Idaho Student Media,"Blot Magazine, Student Media, University of Idaho, https://www.uidaho.edu/current-students/student-involvement/student-media",application/pdf,Text,eng,"Materials from the University of Idaho Library's Digital Collections are made available online for research purposes. Copyright is retained by original copyright holders. Please contact Blot Magazine, Student Media, University of Idaho, https://www.uidaho.edu/current-students/student-involvement/student-media",http://rightsstatements.org/vocab/InC-EDU/1.0/,blot_2008-december.pdf,pdf,https://www.lib.uidaho.edu/digital/objects/blot/blot_2008-december.pdf,https://www.lib.uidaho.edu/digital/objects/blot/small/blot_2008-december_sm.jpg,https://www.lib.uidaho.edu/digital/objects/blot/thumbs/blot_2008-december_th.jpg
blot_2008-october,Blot Magazine October 2008,2008-10,"Good Vibes; Standing Out; Impressions: The Lynch Family, Interim President Steven Daley-Laursen; Still frames; Athletic Radar: Haley Larsen, T.J. Conley; The Last Word","Hirai, Kimberly; Turner, Alexis; Barber, Jake; Lords, Christina",University of Idaho Student Media,"Blot Magazine, Student Media, University of Idaho, https://www.uidaho.edu/current-students/student-involvement/student-media",application/pdf,Text,eng,"Materials from the University of Idaho Library's Digital Collections are made available online for research purposes. Copyright is retained by original copyright holders. Please contact Blot Magazine, Student Media, University of Idaho, https://www.uidaho.edu/current-students/student-involvement/student-media",http://rightsstatements.org/vocab/InC-EDU/1.0/,blot_2008-october.pdf,pdf,https://www.lib.uidaho.edu/digital/objects/blot/blot_2008-october.pdf,https://www.lib.uidaho.edu/digital/objects/blot/small/blot_2008-october_sm.jpg,https://www.lib.uidaho.edu/digital/objects/blot/thumbs/blot_2008-october_th.jpg
blot_2008-summer,Blot Magazine Summer 2008 ,2008,"Summer Bios; A place to go; Q&A Richard Hill; From Idaho to Iraq; She knows, she loves, she cares; Photo Gallery","Bunch, Desirea",University of Idaho Student Media,"Blot Magazine, Student Media, University of Idaho, https://www.uidaho.edu/current-students/student-involvement/student-media",application/pdf,Text,eng,"Materials from the University of Idaho Library's Digital Collections are made available online for research purposes. Copyright is retained by original copyright holders. Please contact Blot Magazine, Student Media, University of Idaho, https://www.uidaho.edu/current-students/student-involvement/student-media",http://rightsstatements.org/vocab/InC-EDU/1.0/,blot_2008-summer.pdf,pdf,https://www.lib.uidaho.edu/digital/objects/blot/blot_2008-summer.pdf,https://www.lib.uidaho.edu/digital/objects/blot/small/blot_2008-summer_sm.jpg,https://www.lib.uidaho.edu/digital/objects/blot/thumbs/blot_2008-summer_th.jpg
blot_2008-april,Blot Magazine April 2008 ,2008-04,Vandals to watch; Moscow ink; Discovering Millennials: my five stages of grief; Natalie Webb; Jon Gaffney; Best of Moscow; Photo Gallery,"Hirai, Kimberly; Rowles, Roger D.; Cummings, Savannah",University of Idaho Student Media,"Blot Magazine, Student Media, University of Idaho, https://www.uidaho.edu/current-students/student-involvement/student-media",application/pdf,Text,eng,"Materials from the University of Idaho Library's Digital Collections are made available online for research purposes. Copyright is retained by original copyright holders. Please contact Blot Magazine, Student Media, University of Idaho, https://www.uidaho.edu/current-students/student-involvement/student-media",http://rightsstatements.org/vocab/InC-EDU/1.0/,blot_2008-april.pdf,pdf,https://www.lib.uidaho.edu/digital/objects/blot/blot_2008-april.pdf,https://www.lib.uidaho.edu/digital/objects/blot/small/blot_2008-april_sm.jpg,https://www.lib.uidaho.edu/digital/objects/blot/thumbs/blot_2008-april_th.jpg
blot_2008-february,Blot Magazine February 2008 ,2008-02,Vandals to watch; Cocaine: drug of choice; Clubs: don't be shy; Dennis West; Traci Craig; Best of Moscow; Photo Gallery,"Wright, Carissa; Hirai, Kimberly; Rowles, Roger D.; Cummings, Savannah",University of Idaho Student Media,"Blot Magazine, Student Media, University of Idaho, https://www.uidaho.edu/current-students/student-involvement/student-media",application/pdf,Text,eng,"Materials from the University of Idaho Library's Digital Collections are made available online for research purposes. Copyright is retained by original copyright holders. Please contact Blot Magazine, Student Media, University of Idaho, https://www.uidaho.edu/current-students/student-involvement/student-media",http://rightsstatements.org/vocab/InC-EDU/1.0/,blot_2008-february.pdf,pdf,https://www.lib.uidaho.edu/digital/objects/blot/blot_2008-february.pdf,https://www.lib.uidaho.edu/digital/objects/blot/small/blot_2008-february_sm.jpg,https://www.lib.uidaho.edu/digital/objects/blot/thumbs/blot_2008-february_th.jpg
blot_2007-december,Blot Magazine December 2007 ,2007-12,"Vandals to watch; Homebrewing; Vagrant Vandal; Living to help the dead; Partner in crime: solving it, that is; Best of Moscow; Photo Gallery",,University of Idaho Student Media,"Blot Magazine, Student Media, University of Idaho, https://www.uidaho.edu/current-students/student-involvement/student-media",application/pdf,Text,eng,"Materials from the University of Idaho Library's Digital Collections are made available online for research purposes. Copyright is retained by original copyright holders. Please contact Blot Magazine, Student Media, University of Idaho, https://www.uidaho.edu/current-students/student-involvement/student-media",http://rightsstatements.org/vocab/InC-EDU/1.0/,blot_2007-december.pdf,pdf,https://www.lib.uidaho.edu/digital/objects/blot/blot_2007-december.pdf,https://www.lib.uidaho.edu/digital/objects/blot/small/blot_2007-december_sm.jpg,https://www.lib.uidaho.edu/digital/objects/blot/thumbs/blot_2007-december_th.jpg
blot_2007-october,Blot Magazine October 2007,2007-10,"Vandals to watch; Speaking of...; Beer, books & brats; Body image; The science & art of glassblowing; Profile: Joe Vandal; Profile: Tyler Macy; Photo Gallery","Wright, Carissa; Hirai, Kimberly; Rowles; Roger; Cummings, Savannah",University of Idaho Student Media,"Blot Magazine, Student Media, University of Idaho, https://www.uidaho.edu/current-students/student-involvement/student-media",application/pdf,Text,eng,"Materials from the University of Idaho Library's Digital Collections are made available online for research purposes. Copyright is retained by original copyright holders. Please contact Blot Magazine, Student Media, University of Idaho, https://www.uidaho.edu/current-students/student-involvement/student-media",http://rightsstatements.org/vocab/InC-EDU/1.0/,blot_2007-october.pdf,pdf,https://www.lib.uidaho.edu/digital/objects/blot/blot_2007-october.pdf,https://www.lib.uidaho.edu/digital/objects/blot/small/blot_2007-october_sm.jpg,https://www.lib.uidaho.edu/digital/objects/blot/thumbs/blot_2007-october_th.jpg
blot_2007-spring,Blot Magazine Spring 2007,2007,"Year in Cartoons; Notes on a College Town; Things to do on the Palouse; The DJs say; Running on Chicken; Micro Safari; More than a Market; What shall we do with the bedroom?; Wolves in Idaho -- A Debatable Presence; Fiction: ""The Dreaded Boinkas""; Life as a Vandal; Review: Preaching the Blues; Film: Students making movies; Profile: Caring for Communities; Profile: Mentoring Moscow; Alumni: Putting down Roots","Wright, Carissa; Carman, Miranda; Roberts, Tara",University of Idaho Student Media,"Blot Magazine, Student Media, University of Idaho, https://www.uidaho.edu/current-students/student-involvement/student-media",application/pdf,Text,eng,"Materials from the University of Idaho Library's Digital Collections are made available online for research purposes. Copyright is retained by original copyright holders. Please contact Blot Magazine, Student Media, University of Idaho, https://www.uidaho.edu/current-students/student-involvement/student-media",http://rightsstatements.org/vocab/InC-EDU/1.0/,blot_2007-spring.pdf,pdf,https://www.lib.uidaho.edu/digital/objects/blot/blot_2007-spring.pdf,https://www.lib.uidaho.edu/digital/objects/blot/small/blot_2007-spring_sm.jpg,https://www.lib.uidaho.edu/digital/objects/blot/thumbs/blot_2007-spring_th.jpg
blot_2006-fall,Blot Magazine Fall 2006,2006,How to get a job; Movies: The best and the worst; Ten comic book movies you need to see (and five that really sucked); Village Bicycle Project; Idaho Space Grant; Latin dancing; Longboarding; Fifty Years Later; A Haunted Campus; Operation Education; Theater -- Production of The Country Wife; Technology -- A look at Final Fantasy's best and worst; Profiles -- Two unique Greeks; Alumni -- Deployed in Iraq,"Wright, Carissa; Fritzley, Katie; Davlin, Melissa; Roberts, Tara",University of Idaho Student Media,"Blot Magazine, Student Media, University of Idaho, https://www.uidaho.edu/current-students/student-involvement/student-media",application/pdf,Text,eng,"Materials from the University of Idaho Library's Digital Collections are made available online for research purposes. Copyright is retained by original copyright holders. Please contact Blot Magazine, Student Media, University of Idaho, https://www.uidaho.edu/current-students/student-involvement/student-media",http://rightsstatements.org/vocab/InC-EDU/1.0/,blot_2006-fall.pdf,pdf,https://www.lib.uidaho.edu/digital/objects/blot/blot_2006-fall.pdf,https://www.lib.uidaho.edu/digital/objects/blot/small/blot_2006-fall_sm.jpg,https://www.lib.uidaho.edu/digital/objects/blot/thumbs/blot_2006-fall_th.jpg
blot_2006-spring-3,Blot Magazine Spring 2006:4,2006,"The semester in cartoons; Wisdom of the sexes; What we think; Chuck Norris Facts; Day trips; Student finance guide; I'm not a feminist, but...; Fantasy in action; UI engineers clean up; Preschool offers practice; Snowbound; Culture Wars; Lunch Counter Legacy; Sports; Tech; Politics","Olson, Sean; Fritzley, Katie; Wright, Carissa; Roberts, Tara",University of Idaho Student Media,"Blot Magazine, Student Media, University of Idaho, https://www.uidaho.edu/current-students/student-involvement/student-media",application/pdf,Text,eng,"Materials from the University of Idaho Library's Digital Collections are made available online for research purposes. Copyright is retained by original copyright holders. Please contact Blot Magazine, Student Media, University of Idaho, https://www.uidaho.edu/current-students/student-involvement/student-media",http://rightsstatements.org/vocab/InC-EDU/1.0/,blot_2006-spring-3.pdf,pdf,https://www.lib.uidaho.edu/digital/objects/blot/blot_2006-spring-3.pdf,https://www.lib.uidaho.edu/digital/objects/blot/small/blot_2006-spring-3_sm.jpg,https://www.lib.uidaho.edu/digital/objects/blot/thumbs/blot_2006-spring-3_th.jpg
blot_2005-summer-fall,Blot Magazine Summer/Fall 2005,2005,"Tour de helmet; ASUI outdoors; Baby iPod; Where you go, Ogos; Pixel Blocks: The new Lego; The edge of technology; Nalgene testing; Drinkers with a Running Problem; Hampton happenings; Marketing jazz to youth; Glenn Grishkoff: Starting over; The Huygens disaster; Portland bound; Student gambling; UI's 10 most interesting people; Idaho actress' indie success; Top nine worst 'Star Wars' moments; Video game review: 'Second Sight'; NEWS: UI judicial board; RELIGION: Talking to God; ALUMNI: Patrick Star; SPORTS: Idaho's Pac-8 past","Kornelis, Chris; Olson, Sean; McGovin, Cady; Coddington, Heather",University of Idaho Student Media,"Blot Magazine, Student Media, University of Idaho, https://www.uidaho.edu/current-students/student-involvement/student-media",application/pdf,Text,eng,"Materials from the University of Idaho Library's Digital Collections are made available online for research purposes. Copyright is retained by original copyright holders. Please contact Blot Magazine, Student Media, University of Idaho, https://www.uidaho.edu/current-students/student-involvement/student-media",http://rightsstatements.org/vocab/InC-EDU/1.0/,blot_2005-summer-fall.pdf,pdf,https://www.lib.uidaho.edu/digital/objects/blot/blot_2005-summer-fall.pdf,https://www.lib.uidaho.edu/digital/objects/blot/small/blot_2005-summer-fall_sm.jpg,https://www.lib.uidaho.edu/digital/objects/blot/thumbs/blot_2005-summer-fall_th.jpg
blot_2006-spring-4,Blot Magazine Spring 2006:3,2006,"You Said it; Semester in Cartoons; Sucka Beefs; Record Holders; Drug Policies; Dorms vs. Greek; Tipping Etiquette; Wicked Websites; Angling 101; UI fight club; OC addiction; Forest Donation; Sirius Theatre; Diary of a Garden Waitress; COPS: Moscow; Climbing a Peruvian Monster; Sports; Alumni; Arts; Politics; He loves me, he loves me not","Olson, Sean; Fritzley, Katie; Coddington, Heather",University of Idaho Student Media,"Blot Magazine, Student Media, University of Idaho, https://www.uidaho.edu/current-students/student-involvement/student-media",application/pdf,Text,eng,"Materials from the University of Idaho Library's Digital Collections are made available online for research purposes. Copyright is retained by original copyright holders. Please contact Blot Magazine, Student Media, University of Idaho, https://www.uidaho.edu/current-students/student-involvement/student-media",http://rightsstatements.org/vocab/InC-EDU/1.0/,blot_2006-spring-4.pdf,pdf,https://www.lib.uidaho.edu/digital/objects/blot/blot_2006-spring-4.pdf,https://www.lib.uidaho.edu/digital/objects/blot/small/blot_2006-spring-4_sm.jpg,https://www.lib.uidaho.edu/digital/objects/blot/thumbs/blot_2006-spring-4_th.jpg
blot_2005-spring,Blot Magazine Spring 2005,2005,"Vandals to watch; Speaking of...; Beer, books & brats; Body image; The sience & art of glassblowing; Profile: Joe Vandal; Profile: Tyler Macy; Photo Gallery","Kornelis, Chris; Fritzley, Katie; Dalessio, Elizabeth; McCowin, Cady; Lostrom, Abbey",University of Idaho Student Media,"Blot Magazine, Student Media, University of Idaho, https://www.uidaho.edu/current-students/student-involvement/student-media",application/pdf,Text,eng,"Materials from the University of Idaho Library's Digital Collections are made available online for research purposes. Copyright is retained by original copyright holders. Please contact Blot Magazine, Student Media, University of Idaho, https://www.uidaho.edu/current-students/student-involvement/student-media",http://rightsstatements.org/vocab/InC-EDU/1.0/,blot_2005-spring.pdf,pdf,https://www.lib.uidaho.edu/digital/objects/blot/blot_2005-spring.pdf,https://www.lib.uidaho.edu/digital/objects/blot/small/blot_2005-spring_sm.jpg,https://www.lib.uidaho.edu/digital/objects/blot/thumbs/blot_2005-spring_th.jpg