objectid,title,editors,creator,issue_number,date,subject,publisher,identifier,type,format,rights,rightsstatement,language,digital specifications,cdm_url,cdmid,display_template,filename,object_location,image_small,image_thumb
fugue-1990-n1,"Fugue - Fall/Winter 1990 (Vol. 1, No. 1)","Hendee, J.C.; Reed, Leiloni; Hendee, Barb; McFarland, Ron","Fugue Staff; Kuene, Pamela J.; Young, Trent; Perison, Mark; Studebaker, William; Rogge, Dwayne; Streib, Tasche; Castagne, Leah K.; Meldazis, Dan; Huett, Mary; Drake, Tom; McFarland, Ron; McLaughlin, J. P.; Carter, Janet; Hendee, J.C.; Jack, Judy; Connell, Mac; Theresa, Mac; Rucker, Christi; Greenwood, Paul; Stoffel, Alisa",1,1990,poetry,"Fugue Literary Journal, University of Idaho Department of English, ISSN 1054-6014, https://fuguejournal.com/",Fugue1990_N1,Text,application/pdf,"In Copyright - Educational Use Permitted. For more information, please contact Fugue Literary Journal, https://fuguejournal.com/",http://rightsstatements.org/vocab/InC-EDU/1.0/,eng,Scanned at 400 dpi; access copy is PDF,http://cdm17254.contentdm.oclc.org/cdm/ref/collection/fugue/id/52,52,pdf,fugue-1990-n1.pdf,https://objects.lib.uidaho.edu/fugue/fugue-1990-n1.pdf,https://objects.lib.uidaho.edu/fugue/small/fugue-1990-n1_sm.jpg,https://objects.lib.uidaho.edu/fugue/thumbs/fugue-1990-n1_th.jpg
fugue-1991-n2-2,"Fugue - Summer 1991 (Vol. 2, No. 2)","Hendee, J.C.; Reed, Leiloni; Huett, Mary; Breen, Kris; Rucker, Christi; McFarland, Ron","Mackey, Serena Poovey; McFarland, Ron; Platts, Seth; Streib, Tasche; Rucker, Christi; Baumgartner, Susan; Hendee, Barb; Amex, John Edward; Hendee, J.C.; Clare, John; Fugue Staff",2-2,1991-07-01,poetry,"Fugue Literary Journal, University of Idaho Department of English, ISSN 1054-6014, https://fuguejournal.com/",Fugue1991_N2_2,Text,application/pdf,"In Copyright - Educational Use Permitted. For more information, please contact Fugue Literary Journal, https://fuguejournal.com/",http://rightsstatements.org/vocab/InC-EDU/1.0/,eng,Scanned at 400 dpi; access copy is PDF,http://cdm17254.contentdm.oclc.org/cdm/ref/collection/fugue/id/105,105,pdf,fugue-1991-n2-2.pdf,https://objects.lib.uidaho.edu/fugue/fugue-1991-n2-2.pdf,https://objects.lib.uidaho.edu/fugue/small/fugue-1991-n2-2_sm.jpg,https://objects.lib.uidaho.edu/fugue/thumbs/fugue-1991-n2-2_th.jpg
fugue-1991-n2-1,"Fugue - Spring 1991 (Vol. 2, No. 1)","Reed, Leiloni; Hendee, J.C.; Heuett, Mary; Rucker, Chris; Breen, Kris; McFarland, Ron","Carpenter, John; Lindholdt, Paul; Hendee, J.C.; Levy, Lex; Baldwin, Barbara; Sprenke, Jonathan; Wright, Rich; Porter, Doug; Williams, Holly C.; Peirson, Mark; Jack, Judy; Carter, Janet; Larson, Jacqueline; Hunter, Donnell; Horton, Marian McDonnell; Drake, Tom; Borgman, Tricia",2-1,1991-03-01,poetry,"Fugue Literary Journal, University of Idaho Department of English, ISSN 1054-6014, https://fuguejournal.com/",Fugue1991_N2_1,Text,application/pdf,"In Copyright - Educational Use Permitted. For more information, please contact Fugue Literary Journal, https://fuguejournal.com/",http://rightsstatements.org/vocab/InC-EDU/1.0/,eng,Scanned at 400 dpi; access copy is PDF,http://cdm17254.contentdm.oclc.org/cdm/ref/collection/fugue/id/211,211,pdf,fugue-1991-n2-1.pdf,https://objects.lib.uidaho.edu/fugue/fugue-1991-n2-1.pdf,https://objects.lib.uidaho.edu/fugue/small/fugue-1991-n2-1_sm.jpg,https://objects.lib.uidaho.edu/fugue/thumbs/fugue-1991-n2-1_th.jpg
fugue-1991-n4,Fugue - Fall/Winter 1991 (No. 4),"Reed, Leiloni; Hendee, J.C.; Heuett, Mary; Rucker, Chris; Breen, Kris; Wright, Rich; Drake, Tom; McFarland, Ron","Fugue Staff; Shea, Joseph M.; Parisot, Peter; Chillemi-Yeager, Pam; Sutherland, David Hunter; Gray, Nowick; Cording, H.J.; Risk, Kellie Jo; Wright, Rich; Haarsager, Sandra; Olsen, Lance; French, Teresa A.; Wackett, Jim; Stuart, Kiel; Dumars, Denise; Skinner, Brian",4,1991-11-01,poetry,"Fugue Literary Journal, University of Idaho Department of English, ISSN 1054-6014, https://fuguejournal.com/",Fugue1991_N4,Text,application/pdf,"In Copyright - Educational Use Permitted. For more information, please contact Fugue Literary Journal, https://fuguejournal.com/",http://rightsstatements.org/vocab/InC-EDU/1.0/,eng,Scanned at 400 dpi; access copy is PDF,http://cdm17254.contentdm.oclc.org/cdm/ref/collection/fugue/id/264,264,pdf,fugue-1991-n4.pdf,https://objects.lib.uidaho.edu/fugue/fugue-1991-n4.pdf,https://objects.lib.uidaho.edu/fugue/small/fugue-1991-n4_sm.jpg,https://objects.lib.uidaho.edu/fugue/thumbs/fugue-1991-n4_th.jpg
fugue-1992-n6,Fugue -Fall/Winter 1992 (No. 6),"Hendee, J.C.; Nelson, Torr; Brennan, Robb; Shadwick, Stacey; Peterson, Eric; Drake, Tom; Maggi, Maria; Hendee, Barb; McFarland, Ron","Fugue Staff; McFarland, Ron; Sanchez, Ricardo; Coen, Mark K.; Studebaker, William; Foye, June E.; Blair, Samuel; French, Teresa A.; Green, Scott E.; Maggi, Maria Theresa; Petoskey, Barbara J.; Adams, Rich; Miller, Errol; Nelson, C. Torr; Arnzen, Michael A.; Eirish, L.",6,1992-11-01,poetry,"Fugue Literary Journal, University of Idaho Department of English, ISSN 1054-6014, https://fuguejournal.com/",Fugue1992_N6,Text,application/pdf,"In Copyright - Educational Use Permitted. For more information, please contact Fugue Literary Journal, https://fuguejournal.com/",http://rightsstatements.org/vocab/InC-EDU/1.0/,eng,Scanned at 400 dpi; access copy is PDF,http://cdm17254.contentdm.oclc.org/cdm/ref/collection/fugue/id/317,317,pdf,fugue-1992-n6.pdf,https://objects.lib.uidaho.edu/fugue/fugue-1992-n6.pdf,https://objects.lib.uidaho.edu/fugue/small/fugue-1992-n6_sm.jpg,https://objects.lib.uidaho.edu/fugue/thumbs/fugue-1992-n6_th.jpg
fugue-1994-n9,Fugue -Spring/Summer 1994 (No. 9),"Coen, Mark; Rhodes, Donna; Bandurraga, Abigail; Noonan, Wendy; Hatch, Karney; McCelland, Jeff; Jost, Amy; McFarland, Ron","Fugue Staff; McFarland, Ron; Myer, Jack; Berlatsky, Noah; Mikoley, Jim; What, Leslie; Flagg, Edward; Held, Dennis; Wallick, V.Q.; Nelson, Amy; Khaiya, Mahdy Y.; Spitter, Jeff; Day, Holly; Rhodes, Donna; Taylor, Nancy Ellis; Miller, Errol; Johnson, Edward; Huffman, Sara",9,1994-05-01,poetry,"Fugue Literary Journal, University of Idaho Department of English, ISSN 1054-6014, https://fuguejournal.com/",Fugue1994_N9,Text,application/pdf,"In Copyright - Educational Use Permitted. For more information, please contact Fugue Literary Journal, https://fuguejournal.com/",http://rightsstatements.org/vocab/InC-EDU/1.0/,eng,Scanned at 400 dpi; access copy is PDF,http://cdm17254.contentdm.oclc.org/cdm/ref/collection/fugue/id/370,370,pdf,fugue-1994-n9.pdf,https://objects.lib.uidaho.edu/fugue/fugue-1994-n9.pdf,https://objects.lib.uidaho.edu/fugue/small/fugue-1994-n9_sm.jpg,https://objects.lib.uidaho.edu/fugue/thumbs/fugue-1994-n9_th.jpg
fugue-1994-n10,Fugue -Fall/Winter 1994 (No. 10),"Coen, Mark; Rhodes, Donna; Bandurraga, Abigail; Noonan, Wendy; Hatch, Karney; McCelland, Jeff; Jost, Amy; McFarland, Ron","Fugue Staff; Olsen, Lance; Acker, Kathy; Zandri, Vincent; Deiker, Tom; Tienda, Edward G.; Kelsheimer, Kim; Daniels, Keith Allen; Dodge, Trevor; Whitehouse, Lisa; Killen, Timothy Blair; Stewart, W. Gregory; Lunde, David",10,1994-11-01,poetry,"Fugue Literary Journal, University of Idaho Department of English, ISSN 1054-6014, https://fuguejournal.com/",Fugue1994_N10,Text,application/pdf,"In Copyright - Educational Use Permitted. For more information, please contact Fugue Literary Journal, https://fuguejournal.com/",http://rightsstatements.org/vocab/InC-EDU/1.0/,eng,Scanned at 400 dpi; access copy is PDF,http://cdm17254.contentdm.oclc.org/cdm/ref/collection/fugue/id/419,419,pdf,fugue-1994-n10.pdf,https://objects.lib.uidaho.edu/fugue/fugue-1994-n10.pdf,https://objects.lib.uidaho.edu/fugue/small/fugue-1994-n10_sm.jpg,https://objects.lib.uidaho.edu/fugue/thumbs/fugue-1994-n10_th.jpg
fugue-1992-n5,Fugue -Spring/Summer 1992 (No. 5),"Reed, Leiloni; Heuett, Mary; Drake, Tom; Lewandowska, Laura; Wright, Rich; Brennan, Robb; TerHark, Dave; Carter, Janet; Hendee, Barb; McFarland, Ron; Hendee, J.C.","Fugue Staff; Taylor, Sean Morris; Rich, Julie; Thomas, Don; Lindholdt, Paul; Drake, Tom; Wright, Fay; Boyd, Jennifer; Rhodes, Donna; Haarsager, Sandra; Hallen, Melinda; Henkel, William B.; MacConnell, Lara Therese; Naff, Monza; Burczynski, Michael E.; Platts, Seth; Gray, Nowick; Powell, Daniel D.; Jessen, Taylor",5,1992-05-01,poetry,"Fugue Literary Journal, University of Idaho Department of English, ISSN 1054-6014, https://fuguejournal.com/",Fugue1992_N5,Text,application/pdf,"In Copyright - Educational Use Permitted. For more information, please contact Fugue Literary Journal, https://fuguejournal.com/",http://rightsstatements.org/vocab/InC-EDU/1.0/,eng,Scanned at 400 dpi; access copy is PDF,http://cdm17254.contentdm.oclc.org/cdm/ref/collection/fugue/id/472,472,pdf,fugue-1992-n5.pdf,https://objects.lib.uidaho.edu/fugue/fugue-1992-n5.pdf,https://objects.lib.uidaho.edu/fugue/small/fugue-1992-n5_sm.jpg,https://objects.lib.uidaho.edu/fugue/thumbs/fugue-1992-n5_th.jpg
fugue-1993-n8,Fugue -Fall/Winter 1993 (No. 8),"Hendee, J.C.; Nelson, Torr; Brennan, Robb; Shadwick, Stacey; Peterson, Eric; Drake, Tom; Maggi, Maria; Hendee, Barb; McFarland, Ron","Fugue Staff; Wiginton, Ron; Eisenberg, Barry S.; Sharenov, Evelyn; Eldritch, Michael; Pruitt, Gladys; Blair, Samuel; Hood, Charles; Bovier, Constance Joan; Dale, Karen; Wilson, Scott ; Farnsworth, Chris; Richard Paul Schmonsees; Arnzen, Michael A.",8,1993,poetry,"Fugue Literary Journal, University of Idaho Department of English, ISSN 1054-6014, https://fuguejournal.com/",Fugue1993_N8,Text,application/pdf,"In Copyright - Educational Use Permitted. For more information, please contact Fugue Literary Journal, https://fuguejournal.com/",http://rightsstatements.org/vocab/InC-EDU/1.0/,eng,Scanned at 400 dpi; access copy is PDF,http://cdm17254.contentdm.oclc.org/cdm/ref/collection/fugue/id/525,525,pdf,fugue-1993-n8.pdf,https://objects.lib.uidaho.edu/fugue/fugue-1993-n8.pdf,https://objects.lib.uidaho.edu/fugue/small/fugue-1993-n8_sm.jpg,https://objects.lib.uidaho.edu/fugue/thumbs/fugue-1993-n8_th.jpg
fugue-1995-n11,Fugue -Spring/Summer 1995 (No. 11),"Isaacson, Eric; Maggi, Maria; Dodge, Trevor; Harvey, Leann; Hatch, Karney Talbott; Kelsheimer, Kimberli; Miller, Chris; Neurater, Michele; Noonan, Wendy; Olsen, Lance; Hendee, J.C.; Miller, Chris","Fugue Staff; Taurisano, Marc Philip; Nadeau, Mark; Richard Paul Schmonsees; McFarland, Michael James; Trotter, Tristan; Macvie, Meagan; Owens, James; King, Robert S.; Seubert, Curt; Andersen, Kenneth C.; Bell, Cindy; Meyer Jr., William",11,1995-05-01,poetry,"Fugue Literary Journal, University of Idaho Department of English, ISSN 1054-6014, https://fuguejournal.com/",Fugue1995_N11,Text,application/pdf,"In Copyright - Educational Use Permitted. For more information, please contact Fugue Literary Journal, https://fuguejournal.com/",http://rightsstatements.org/vocab/InC-EDU/1.0/,eng,Scanned at 400 dpi; access copy is PDF,http://cdm17254.contentdm.oclc.org/cdm/ref/collection/fugue/id/573,573,pdf,fugue-1995-n11.pdf,https://objects.lib.uidaho.edu/fugue/fugue-1995-n11.pdf,https://objects.lib.uidaho.edu/fugue/small/fugue-1995-n11_sm.jpg,https://objects.lib.uidaho.edu/fugue/thumbs/fugue-1995-n11_th.jpg
fugue-1996-n13,Fugue -Spring/Summer 1996 (No. 13),"Isaacson, Eric; b, abbey; Baldwin, Mathew; Dodge, Trevor; Erickson, Scott; Groom, Pam; Hall, Brandon; Long, Shane; Mayer, Mark; McFarland, Jennifer L.; Peite, Lisa Marie; Phillips, Adam; Rider, Shawn; Smith, Catherine Nelson; Trotter, Tristan; Olsen, Lance; May, Erin","Fugue Staff; Hillman, Brenda; Odishoo, Sarah A.; Blew, Mary Clearman; Olsen, Andi & Lance; Hatch, Karney; Hall, Brandon; Passanante, Joy; Sipp, Aloysha; O'Connell, Joseph M.; Harris, Gregory Seth; Hoeppner, Edward Haworth; Alatee, R. E.; Daubs, J. Robert; Gardiner, Jim",13,1996-05-01,poetry,"Fugue Literary Journal, University of Idaho Department of English, ISSN 1054-6014, https://fuguejournal.com/",Fugue1996_N13,Text,application/pdf,"In Copyright - Educational Use Permitted. For more information, please contact Fugue Literary Journal, https://fuguejournal.com/",http://rightsstatements.org/vocab/InC-EDU/1.0/,eng,Scanned at 400 dpi; access copy is PDF,http://cdm17254.contentdm.oclc.org/cdm/ref/collection/fugue/id/682,682,pdf,fugue-1996-n13.pdf,https://objects.lib.uidaho.edu/fugue/fugue-1996-n13.pdf,https://objects.lib.uidaho.edu/fugue/small/fugue-1996-n13_sm.jpg,https://objects.lib.uidaho.edu/fugue/thumbs/fugue-1996-n13_th.jpg
fugue-1995-n12,Fugue -Fall/Winter 1995 (No. 12),"Isaacson, Eric P.; Dodge, Trevor; Erickson, Scott; Forster, Kate; Hatch, Karney; Jost, Aimee; Manion, Audra; McFarland, Jennifer; Meyer, Mark; Neurauter, Michele; Peite, Lisa; Olsen, Lance; Hendee, J.C.; Stout, Greg","Fugue Staff; Wiginton, Ron; Eisenberg, Barry S.; Sharenov, Evelyn; Eldritch, Michael; Pruitt, Gladys; Blair, Samuel; Hood, Charles; Bovier, Constance Joan; Dale, Karen; Wilson, Scott ; Farnsworth, Chris; Richard Paul Schmonsees; Arnzen, Michael A.",12,1995-11-01,poetry,"Fugue Literary Journal, University of Idaho Department of English, ISSN 1054-6014, https://fuguejournal.com/",Fugue1993_N8,Text,application/pdf,"In Copyright - Educational Use Permitted. For more information, please contact Fugue Literary Journal, https://fuguejournal.com/",http://rightsstatements.org/vocab/InC-EDU/1.0/,eng,Scanned at 400 dpi; access copy is PDF,http://cdm17254.contentdm.oclc.org/cdm/ref/collection/fugue/id/731,731,pdf,fugue-1995-n12.pdf,https://objects.lib.uidaho.edu/fugue/fugue-1995-n12.pdf,https://objects.lib.uidaho.edu/fugue/small/fugue-1995-n12_sm.jpg,https://objects.lib.uidaho.edu/fugue/thumbs/fugue-1995-n12_th.jpg
fugue-2001-n21,Fugue -Summer 2001 (No. 21),"Mason, Andrea; Wahl, Eric; Saunders, Alletha; Bissegger, Tabetha; Boydell, Heather; Deming, Mark; Jones, Darlene; McEachern; Rash, Vasco; Reidelbach, Holly; Rigsby, Christin; Sullivan, Matthew; Vadnais, Matthew; White, Eris; Wichlacz, Sarah; McFarland, Ron","Fugue Staff; Mason, Andrea; Thon, Melanie Rae; Blackburn, Matt; Wrigley, Robert; Hudson, Mary Ann; Roe, Eric; Hill, David; Swenson, Karen; Bloom, Rachel Squires; Brewer, Gaylord; Saunders, Alletha; Van Cleave, Ryan G.; Meirose, Jim; Suarez, Virgil",21,2001-06-01,poetry,"Fugue Literary Journal, University of Idaho Department of English, ISSN 1054-6014, https://fuguejournal.com/",Fugue2001_N21,Text,application/pdf,"In Copyright - Educational Use Permitted. For more information, please contact Fugue Literary Journal, https://fuguejournal.com/",http://rightsstatements.org/vocab/InC-EDU/1.0/,eng,Scanned at 400 dpi; access copy is PDF,http://cdm17254.contentdm.oclc.org/cdm/ref/collection/fugue/id/824,824,pdf,fugue-2001-n21.pdf,https://objects.lib.uidaho.edu/fugue/fugue-2001-n21.pdf,https://objects.lib.uidaho.edu/fugue/small/fugue-2001-n21_sm.jpg,https://objects.lib.uidaho.edu/fugue/thumbs/fugue-2001-n21_th.jpg
fugue-2001-n22,Fugue -Fall 2001 (No. 22),"McEachern, Scott; Vadnais, Matthew; Hudson, Mary Ann; Cockeram, Paul; Hirt, Jennifer; Noland, Taya; Birrer, Jessamyn; Montgomery, Melissa; Drumps, Molly; Jones, Darlene; Stanton, Aaron; Wichlacz, Sarah; McFarland, Ron","Fugue Staff; McEachern, Scott; Winters, Mary; Stewart, Barbara; Bahr, Jeffery; Files, Meg; Danihy, Geary; Dianna Henning; Grinwis, James; McGookey, Kathleen; Tiffany, Georgia; Farnan, Christiane; Baxter, Charles; Clark, Brian Charles; Gottschalk, Bradford; Cook, Rob; Curry, David; Wrigley, Robert; Sadler, Lynn Veach; Pfoutz, Sally; Kostelanetz, Richard",22,2001-11-01,poetry,"Fugue Literary Journal, University of Idaho Department of English, ISSN 1054-6014, https://fuguejournal.com/",Fugue2001_N22,Text,application/pdf,"In Copyright - Educational Use Permitted. For more information, please contact Fugue Literary Journal, https://fuguejournal.com/",http://rightsstatements.org/vocab/InC-EDU/1.0/,eng,Scanned at 400 dpi; access copy is PDF,http://cdm17254.contentdm.oclc.org/cdm/ref/collection/fugue/id/943,943,pdf,fugue-2001-n22.pdf,https://objects.lib.uidaho.edu/fugue/fugue-2001-n22.pdf,https://objects.lib.uidaho.edu/fugue/small/fugue-2001-n22_sm.jpg,https://objects.lib.uidaho.edu/fugue/thumbs/fugue-2001-n22_th.jpg
fugue-2002-n23,Fugue Spring 2002 (No. 23),"McEachern, Scott; Vadnais, Matthew; Hudson, Mary Ann; Cockeram, Paul; Hirt, Jennifer; Noland, Taya; Birrer/Schnackenberg, Jessamyn; Montgomery, Melissa; Jones, Darlene; Stanton, Aaron; Lenox, Stephanie; Myers, Ryan; Rigsby, Kristin; Wichlacz, Sarah; McFarland, Ron","Fugue Staff; McEachern, Scott; Vadnais, Matthew; Hudson, Mary Ann; Bennett, John; Drugay, Andrea ; Seagle, Gregory; Olsen, Erica; Rice, Oliver; Kerr, Darren; Dickerson, Sarah; Spraker, Suzy; Bentley, Richard; Tolbert, Victoria; Parker, Amy Eleanor; Monson, Ander ; Tabasso, Gina; Horlick, Christian; Yenser, Pamela; Wheale, Ellen; Triolo, Tora; Schorb, E. M.; Walther, Margaret; Lovelace, Sean; Thomas, Elizabeth B.; Oates, Nathan; Hayes, Terrance",23,2002-05-01,poetry,"Fugue Literary Journal, University of Idaho Department of English, ISSN 1054-6014, https://fuguejournal.com/",Fugue2002_N23,Text,application/pdf,"In Copyright - Educational Use Permitted. For more information, please contact Fugue Literary Journal, https://fuguejournal.com/",http://rightsstatements.org/vocab/InC-EDU/1.0/,eng,Scanned at 400 dpi; access copy is PDF,http://cdm17254.contentdm.oclc.org/cdm/ref/collection/fugue/id/1070,1070,pdf,fugue-2002-n23.pdf,https://objects.lib.uidaho.edu/fugue/fugue-2002-n23.pdf,https://objects.lib.uidaho.edu/fugue/small/fugue-2002-n23_sm.jpg,https://objects.lib.uidaho.edu/fugue/thumbs/fugue-2002-n23_th.jpg
fugue-1999-n18,Fugue -Spring/Summer 1999 (No. 18),"Albbertson, Nichole; Barnes, Savannah; Bissegger, Tabetha; Monahan, Kate; Placer, Jose Sanchez; Glick, Tim; Kaminsky, Stephen; Koch, Brenda; Leitz, Eric; May, James; Rider, Shawn; Wichlacz, Sarah; McFarland, Ron","Fugue Staff; Fugue Staff; Suarez, Virgil; Mayo, James; Piper, Paul S.; Steed, J. P.; Tiffany, Georgia; Ralph Robert Moore; Peterson, Allan; Radacsi, Geri; Harrison, Trey; Knorr, Jeff; Bunch, Richard Alan; Starkey, David; Lefcowitz, Barbara F.; Varley, Jane; Emmons, Jeanne; McFarland, Ron; Olds, Sharon",18,1999-05-01,poetry,"Fugue Literary Journal, University of Idaho Department of English, ISSN 1054-6014, https://fuguejournal.com/",Fugue1999_N18,Text,application/pdf,"In Copyright - Educational Use Permitted. For more information, please contact Fugue Literary Journal, https://fuguejournal.com/",http://rightsstatements.org/vocab/InC-EDU/1.0/,eng,Scanned at 400 dpi; access copy is PDF,http://cdm17254.contentdm.oclc.org/cdm/ref/collection/fugue/id/1183,1183,pdf,fugue-1999-n18.pdf,https://objects.lib.uidaho.edu/fugue/fugue-1999-n18.pdf,https://objects.lib.uidaho.edu/fugue/small/fugue-1999-n18_sm.jpg,https://objects.lib.uidaho.edu/fugue/thumbs/fugue-1999-n18_th.jpg
fugue-2000-n20,Fugue -Fall 2000 (No. 20),"Mason, Andrea; McFarland, Ron; Saunders, Alletha; Wahl, Eric; Renick, Christie; Deming, Mark; Flowers, Corinne; Hunsaker, Morgan; Jones, Darlene; Kaminsky, Steve; Karoses, Clark; Riedelbach, Holly; Rigsby, Christian; Sullivan, Matthew; Von Mende, Hita; Craine, Kit; Clark, Brian","Fugue Staff; McFarland, Ron; Brisson, Christopher; Chilson, Peter; Gramann, James; Sullivan, Matthew; Major, Ray; Sanchez, Sonia; Flowers, Corinne; Gillespie, Deborah; Morris, Mildred; Golden, Gail Kadison; Zande, Jeff Vande; Bridgford, Kim; May, Dan; Clark, Brian Charles",20,2000-11-01,poetry,"Fugue Literary Journal, University of Idaho Department of English, ISSN 1054-6014, https://fuguejournal.com/",Fugue2000_N20,Text,application/pdf,"In Copyright - Educational Use Permitted. For more information, please contact Fugue Literary Journal, https://fuguejournal.com/",http://rightsstatements.org/vocab/InC-EDU/1.0/,eng,Scanned at 400 dpi; access copy is PDF,http://cdm17254.contentdm.oclc.org/cdm/ref/collection/fugue/id/1304,1304,pdf,fugue-2000-n20.pdf,https://objects.lib.uidaho.edu/fugue/fugue-2000-n20.pdf,https://objects.lib.uidaho.edu/fugue/small/fugue-2000-n20_sm.jpg,https://objects.lib.uidaho.edu/fugue/thumbs/fugue-2000-n20_th.jpg
fugue-1997-n16,Fugue -Winter/Fall 1997 (No. 16),"Koch, Brenda; Mayo, James; McFarland, Jennifer L.; McVie, Meagan; Smith, Diana; Baldwin, Matthew; Hall, Brandon; Lambing, Shane; Larson, Caitlin A.; Rider, Shawn; Thomas, Trish; Isaacson, Eric P.; Witt, Ryan; Craine, Kit; Smother, Mel; McFarland, Ron","Fugue Staff; Fugue Staff; Dunn, Stephen; McClanahan, Ed; Sallis, James; Goldman, Paula; Kimble, Jason; Kimble, Jim; Hersh, Marcus; Schleiner, Louise; Dembling, Sophia; James, David; Doud, Sally",16,1997-11-01,poetry,"Fugue Literary Journal, University of Idaho Department of English, ISSN 1054-6014, https://fuguejournal.com/",Fugue1997_N16,Text,application/pdf,"In Copyright - Educational Use Permitted. For more information, please contact Fugue Literary Journal, https://fuguejournal.com/",http://rightsstatements.org/vocab/InC-EDU/1.0/,eng,Scanned at 400 dpi; access copy is PDF,http://cdm17254.contentdm.oclc.org/cdm/ref/collection/fugue/id/1391,1391,pdf,fugue-1997-n16.pdf,https://objects.lib.uidaho.edu/fugue/fugue-1997-n16.pdf,https://objects.lib.uidaho.edu/fugue/small/fugue-1997-n16_sm.jpg,https://objects.lib.uidaho.edu/fugue/thumbs/fugue-1997-n16_th.jpg
fugue-1998-n17,Fugue -Winter/Fall 1998 (No. 17),"Koch, Brenda; McVie, Meagan; Smith, Diana; Levy, Lex; David, Eric; McCoy, Eric; Frank, Jason; McFarland, Jennifer L.; Mayo, James; Craine, Kit; Witt, Ryan; Blood, Kami; McFarland, Ron","Fugue Staff; Fugue Staff; Winters, Mary; Hayes, M. Hunter; Karoses, Clark; Haver, Denise; Kohler, Sandra; MacGowan, Mary; Jenks, Allison Eir; Dianna Henning; Shipley, Vivian; Jansen, Reamy; Withiam, Scott; Pennant, Edmund; Appel, Jacob M.; Emmons, Jeanne; Postma, Kathlene; Dungy, Camille; Luders, Lesa; Brewer, Gaylord; Kerr-Jung, Brian; Arroy, Rane",17,1998-11-01,poetry,"Fugue Literary Journal, University of Idaho Department of English, ISSN 1054-6014, https://fuguejournal.com/",Fugue1998_N17,Text,application/pdf,"In Copyright - Educational Use Permitted. For more information, please contact Fugue Literary Journal, https://fuguejournal.com/",http://rightsstatements.org/vocab/InC-EDU/1.0/,eng,Scanned at 400 dpi; access copy is PDF,http://cdm17254.contentdm.oclc.org/cdm/ref/collection/fugue/id/1500,1500,pdf,fugue-1998-n17.pdf,https://objects.lib.uidaho.edu/fugue/fugue-1998-n17.pdf,https://objects.lib.uidaho.edu/fugue/small/fugue-1998-n17_sm.jpg,https://objects.lib.uidaho.edu/fugue/thumbs/fugue-1998-n17_th.jpg
fugue-1999-n19,Fugue -Winter 1999 (No. 19),"Deming, Mark; Eborn, Angie; Hunsaker, Morgan; Jones, Darlene; Kaminsky, Stephen; Leitz, Eric; Meyers, Ryan; Whal, Eric; Flowers, Cori; French, Jean; Rigsby, Christin; Whitehead, Betsey; Bissegger, Tabetha; Witt, Ryan; McCuddin, Mel; McFarland, Ron","Fugue Staff; Witt, Ryan; Dickinson, Stephanie; Dacey, Philip; Mayo, James; Witt, Ryan; Ambrogio, Olivia V.; Gorman, Peter D.; David Miller, Bradley; McDonald, Melanie; Harrington, Anna; Mahaffey, Alana Merritt",19,1999-11-01,poetry,"Fugue Literary Journal, University of Idaho Department of English, ISSN 1054-6014, https://fuguejournal.com/",Fugue1999_N19,Text,application/pdf,"In Copyright - Educational Use Permitted. For more information, please contact Fugue Literary Journal, https://fuguejournal.com/",http://rightsstatements.org/vocab/InC-EDU/1.0/,eng,Scanned at 400 dpi; access copy is PDF,http://cdm17254.contentdm.oclc.org/cdm/ref/collection/fugue/id/1588,1588,pdf,fugue-1999-n19.pdf,https://objects.lib.uidaho.edu/fugue/fugue-1999-n19.pdf,https://objects.lib.uidaho.edu/fugue/small/fugue-1999-n19_sm.jpg,https://objects.lib.uidaho.edu/fugue/thumbs/fugue-1999-n19_th.jpg
fugue-2002-n24,Fugue Winter 2002 (No. 24),"McEachern, Scott; Cockeram, Paul; Birrer/Schnackenberg, Jessamyn; Noland, Taya; Foland, Jed; Jones, Jeff; Phentiss, Sean; Rolland, Pat; Mankin, Monica; Dudley, Cheryl; Neal, Matthew; Fry, Bryan; Steele, Summer; Hunseker, Morgan; Hartt, Jordan; George, Ben; Kaminsky, Christin; Wichlacz, Sarah; McFaraland, Ron","Fugue Staff; McEachern, Scott; Fogel, Alice; Tsai, Michael S.K.N; Long, Priscilla; Roullard, Lisa; Dunn, Steve; Bauer, Curtis; Temple, Pat; Lewis, Susan; Ames, Greg; Tsvi, Rosebud",24,2002-11-01,poetry,"Fugue Literary Journal, University of Idaho Department of English, ISSN 1054-6014, https://fuguejournal.com/",Fugue2002_N24,Text,application/pdf,"In Copyright - Educational Use Permitted. For more information, please contact Fugue Literary Journal, https://fuguejournal.com/",http://rightsstatements.org/vocab/InC-EDU/1.0/,eng,Scanned at 400 dpi; access copy is PDF,http://cdm17254.contentdm.oclc.org/cdm/ref/collection/fugue/id/1701,1701,pdf,fugue-2002-n24.pdf,https://objects.lib.uidaho.edu/fugue/fugue-2002-n24.pdf,https://objects.lib.uidaho.edu/fugue/small/fugue-2002-n24_sm.jpg,https://objects.lib.uidaho.edu/fugue/thumbs/fugue-2002-n24_th.jpg
fugue-2003-n25,Fugue -Summer 2003 (No. 25),"McEachern, Scott; Cockeram, Paul; George, Ben; Birrer/Schnackenberg, Jessamyn; Noland, Taya; Dudley, Cheryl; Foland, Jed; Fry, Bryan; Hartt, Jordan; Hirt, Jen; Hunsaker, Morgan; Jones, Jeff; Kaminsky, Christin; Lenox, Stephanie; Lowe, Nate; Mankin, Monica; Montgomery, Melissa; Prentiss, Sean; Rolland, Patrick; Cockeram, Paul; Hirt, Jen; McFarland, Ron","Fugue Staff; McCafferty, Jane; Perry, Paul; Susanna Lippoczy Rich; Little, Metta; Hummell, Austin; Leigh, Holly; Lunde, David; Levering, Donald; Stanton, Maureen; Weaver, Angie; Shilling, Michael; McGuinness, Sheila Sinead; Gernes, Sonia; Kunz, Don; Bradley, Andrew; Krupnick, Alison; Grinwis, James; McCormick, George; Hollenbeck, Cynthia J.; McGookey, Kathleen; Moore, Deborah Owen; Essex, Christopher; Hurlow, Marcia L.; Novack, Sandra; Craig, Chauna; Luevano, Daniel; Bishop, Suzette; Wirtz, Jason; Mahaffey, Alana Merritt; Fields, Elyse; McIntosh, Malachi; Hirt, Jen",25,2003-06-01,poetry,"Fugue Literary Journal, University of Idaho Department of English, ISSN 1054-6014, https://fuguejournal.com/",Fugue2003_N25,Text,application/pdf,"In Copyright - Educational Use Permitted. For more information, please contact Fugue Literary Journal, https://fuguejournal.com/",http://rightsstatements.org/vocab/InC-EDU/1.0/,eng,Scanned at 400 dpi; access copy is PDF,http://cdm17254.contentdm.oclc.org/cdm/ref/collection/fugue/id/1888,1888,pdf,fugue-2003-n25.pdf,https://objects.lib.uidaho.edu/fugue/fugue-2003-n25.pdf,https://objects.lib.uidaho.edu/fugue/small/fugue-2003-n25_sm.jpg,https://objects.lib.uidaho.edu/fugue/thumbs/fugue-2003-n25_th.jpg
fugue-2003-n26,Fugue -Winter 2003 (No. 26),"George, Ben; Jones, Jeff P.; Hartt, Jordan; Mankin, Monica; Hirt, Jen; Ashby, Chris; Babin, Brad; Crimmins, Kim; Dudley, Cheryl; Fry, Bryan; Goralnik, Lissy; Hollenbeck, Cynthia J.; Kmetz, Marcia; Lenox, Stephanie; Lowe, Nate; MacPhail, Scott; Mitchell, Tina; Ritter, Chris; Rolland, Patrick; Schab, Aaron; Watkins, Brad; Yeary, James; Cockeram, Paul; McFarland, Ron","Cicero; Fugue Staff; George, Ben; Jones, Jeff P.; Hagenston, Becky; Vivian, Robert; Halscheid, Therese; Allen, L. N.; Martinelli, Beth; Stuart-Powles, Celia; Wells, D. B.; Mankin, Monica; Voigt, Ellen Bryant; Doug Trevor; Ameel, Britta; Homan, Brandi; Doyle, James; Sprengnether, Madelon; Hummel, Mark; Prostko, Lucyna; Silverman, E. G.; Huhn, William; Burrows, E. G.; Mockett, Marie; Perchik, Simon; Gulyas, Lee; Lehnert, Tim; Duhamel, Denise",26,2003-11-01,poetry,"Fugue Literary Journal, University of Idaho Department of English, ISSN 1054-6014, https://fuguejournal.com/",Fugue2003_N26,Text,application/pdf,"In Copyright - Educational Use Permitted. For more information, please contact Fugue Literary Journal, https://fuguejournal.com/",http://rightsstatements.org/vocab/InC-EDU/1.0/,eng,Scanned at 400 dpi; access copy is PDF,http://cdm17254.contentdm.oclc.org/cdm/ref/collection/fugue/id/2258,2258,pdf,fugue-2003-n26.pdf,https://objects.lib.uidaho.edu/fugue/fugue-2003-n26.pdf,https://objects.lib.uidaho.edu/fugue/small/fugue-2003-n26_sm.jpg,https://objects.lib.uidaho.edu/fugue/thumbs/fugue-2003-n26_th.jpg
fugue-2004-n27,Fugue -Summer 2004 (No. 27),"George, Ben; Kmetz, Marcia; Mankin, Monica; Lowe, Nate; Barnes, Kim; Johnson, Charles; Lee, Li-Young; Nelson, Antonya; Sanchez, Sonia; Wrigley, Robert; Ashby, Chris; Goralnik, Lissy; Hirt, Jen; Hollenbeck, Cynthia J.; Kmetz, Rick; Lenox, Stephanie; Machlis, Alli; MacPhail, Scott; Murrant, Kendel; Ritter, Chris; Roybal, Cristina; Schab, Aaron; Smith, Rochelle; Wilson, Lindsay; McFarland, Ron","Fugue Staff; George, Ben; Vollmer, Matthew; Butcher, Grace; Grimsley, Ginny; Savoie, Terry; Igloria, Luisa A.; Harshbarger, Karl; Skloot, Floyd; Shearer, Anna; Davies, Peter Ho; Powell, Padgett; Wunsch, Emma; Royer, Tina; Mahoney, Daniel; Monson, Ander ; Newman, Harry; Bishop, John Patrick; Wolff, Melora; Faith S. Holsaert; Smelcer, John; Bishop, Judith; Stine, Alison ; Solonche, J. R.; Courter, Justin; McCormick, Kathleen Zamboni; Stanton, Maura",27,2004,poetry,"Fugue Literary Journal, University of Idaho Department of English, ISSN 1054-6014, https://fuguejournal.com/",Fugue2004_N27,Text,application/pdf,"In Copyright - Educational Use Permitted. For more information, please contact Fugue Literary Journal, https://fuguejournal.com/",http://rightsstatements.org/vocab/InC-EDU/1.0/,eng,Scanned at 400 dpi; access copy is PDF,http://cdm17254.contentdm.oclc.org/cdm/ref/collection/fugue/id/2463,2463,pdf,fugue-2004-n27.pdf,https://objects.lib.uidaho.edu/fugue/fugue-2004-n27.pdf,https://objects.lib.uidaho.edu/fugue/small/fugue-2004-n27_sm.jpg,https://objects.lib.uidaho.edu/fugue/thumbs/fugue-2004-n27_th.jpg
fugue-2004-n28,Fugue -Winter 2004 (No. 28),"George, Ben; Jones, Jeff P.; Kmetz, Marcia; Kaplan, Sara; Lowe, Nate; Goralnik, Lissy; Barnes, Kim; Johnson, Charles; Lee, Li-Young; Nelson, Antonya; Sanchez, Sonia; Wrigley, Robert; Andersen, Shawna; Berry, Rachel; Deason, Alec; Fortner, Anna; Jainchill, Justin; Kmetz, Rick; MacPhail, Scott; Murrant, Kara; Nance, Rhiannon; Ralstin, Leanne; Segerstrom, Scott; Smith, Rochelle; Wilson, Lindsay; McFarland, Ron","Milosz, Czeslaw; Hecht, Anthony ; Fugue Staff; George, Ben; Jones, Jeff P.; Holladay, Cary; Balaban, John; Valentine, Colleen R.; Neuhardt-Minor, Catherine; Shinn, Cameron; Walden, Marianne; Delbanco, Nicholas; Erkkila, Tod; Livesey, Margot; Sarah Flygare; Doyle, Brian; Phillips, Louis; Dick Bentley; Bloom, Rachel Squires; Cowee, Bill; Ford, William; Yannantuono, Fred; Pope, Mary Elizabeth; Morais, Dawn; Shayla, Heidi; Nelson, Kent; Retief, Glen; Rice, Oliver; Oses, Rafael; Powers, Nancy; Marin, Natasha; Sellers, Heather; Krysl, Marilyn",28,2004,poetry,"Fugue Literary Journal, University of Idaho Department of English, ISSN 1054-6014, https://fuguejournal.com/",Fugue2004_N28,Text,application/pdf,"In Copyright - Educational Use Permitted. For more information, please contact Fugue Literary Journal, https://fuguejournal.com/",http://rightsstatements.org/vocab/InC-EDU/1.0/,eng,Scanned at 400 dpi; access copy is PDF,http://cdm17254.contentdm.oclc.org/cdm/ref/collection/fugue/id/2636,2636,pdf,fugue-2004-n28.pdf,https://objects.lib.uidaho.edu/fugue/fugue-2004-n28.pdf,https://objects.lib.uidaho.edu/fugue/small/fugue-2004-n28_sm.jpg,https://objects.lib.uidaho.edu/fugue/thumbs/fugue-2004-n28_th.jpg
fugue-2005-n29,Fugue -Summer 2005 (No. 29),"George, Ben; Jones, Jeff P.; Kmetz, Marcia; Kaplan, Sara; Lowe, Nate; Goralnik, Lissy; Barnes, Kim; Johnson, Charles; Lee, Li-Young; Nelson, Antonya; Sanchez, Sonia; Wrigley, Robert; Andersen, Shawna; Berry, Rachel; Deason, Alec; Fortner, Anna; Jainchill, Justin; Kmetz, Rick; MacPhail, Scott; Murrant, Kara; Nance, Rhiannon; Ralstin, Leanne; Segerstrom, Scott; Smith, Rochelle; Wilson, Lindsay; McFarland, Ron","Milosz, Czeslaw; Hecht, Anthony ; Fugue Staff; George, Ben; Jones, Jeff P.; Shoemaker, Karen Gettert; Rahmim, Iraj Isaac; Shepherd, Reginald; Bassett, Michael; Lisberger, Jody; Willenborg, Chad; Merwin, W. S.; Wrigley, Robert; Greene, Jeffery; Adcock, Betty; Richardson, James; Freeman, Judith; Skoog, Ed; Krysl, Marilyn; Barnstone, Willis; Buckley, Christopher; Fisher-Wirth, Ann; Paola, Suzanne; Marshall, Tod; Hoagloand, Tony; Balaban, John; Derricotte, Toi; Smith, R. T.; Lewis, Molly; Jennings, Will; Stevens, J. David; Courter, Justin; Young, Dean; Berrigan, Anselm; Ransick, Chris; Higgins, George; Susanna Lippoczy Rich; Balasubramanyam, Rajeev; Taylor, Katherine; Schaum, Melita; Longhorn, Sandy; Livingston, Sonja; Rzicznek, F. Daniel; Osborne, Joanna; Gibler, John; LaMon, Jacqueline Jones; de Bravo, Brandel France; Boswell, Robert",29,2005,poetry,"Fugue Literary Journal, University of Idaho Department of English, ISSN 1054-6014, https://fuguejournal.com/",Fugue2005_N29,Text,application/pdf,"In Copyright - Educational Use Permitted. For more information, please contact Fugue Literary Journal, https://fuguejournal.com/",http://rightsstatements.org/vocab/InC-EDU/1.0/,eng,Scanned at 400 dpi; access copy is PDF,http://cdm17254.contentdm.oclc.org/cdm/ref/collection/fugue/id/2881,2881,pdf,fugue-2005-n29.pdf,https://objects.lib.uidaho.edu/fugue/fugue-2005-n29.pdf,https://objects.lib.uidaho.edu/fugue/small/fugue-2005-n29_sm.jpg,https://objects.lib.uidaho.edu/fugue/thumbs/fugue-2005-n29_th.jpg
fugue-2005-n30,Fugue -Winter 2005 (No. 30),"George, Ben; Jones, Jeff P.; Kmetz, Marcia; Kaplan, Sara; Lowe, Nate; Goralnik, Lissy; Barnes, Kim; Johnson, Charles; Lee, Li-Young; Nelson, Antonya; Sanchez, Sonia; Wrigley, Robert; Andersen, Shawna; Berry, Rachel; Deason, Alec; Fortner, Anna; Jainchill, Justin; Kmetz, Rick; MacPhail, Scott; Murrant, Kara; Nance, Rhiannon; Ralstin, Leanne; Segerstrom, Scott; Smith, Rochelle; Wilson, Lindsay; McFarland, Ron","Fugue Staff; Jainchill, Justin; Kaplan, Sara; Wilson, Kevin; Wright, Franz; Sawyer, Seth; Ramos, Peter; Nelson, Maggie; Walsh, Rob; Pinto, Shiromi; Atkins, Priscilla; Saunders, George; Barrington, Judith; Martin, Jenna; Nicholl, Greg; Bahnson, Fred; Padua, Jonathan; Simon, Rachel M.; Breheny, Jessica; Childress, Susanna; Frankel, Ed; Ebenbach, David Harris; O'Connell, David; Buckley, Christopher; DeKrey, David; Hope-Gill, Laura",30,2005,poetry,"Fugue Literary Journal, University of Idaho Department of English, ISSN 1054-6014, https://fuguejournal.com/",Fugue2005_N30,Text,application/pdf,"In Copyright - Educational Use Permitted. For more information, please contact Fugue Literary Journal, https://fuguejournal.com/",http://rightsstatements.org/vocab/InC-EDU/1.0/,eng,Scanned at 400 dpi; access copy is PDF,http://cdm17254.contentdm.oclc.org/cdm/ref/collection/fugue/id/3038,3038,pdf,fugue-2005-n30.pdf,https://objects.lib.uidaho.edu/fugue/fugue-2005-n30.pdf,https://objects.lib.uidaho.edu/fugue/small/fugue-2005-n30_sm.jpg,https://objects.lib.uidaho.edu/fugue/thumbs/fugue-2005-n30_th.jpg
fugue-2006-n31,Fugue -Summer - Fall 2006 (No. 31),"Jainchill, Justin; Kaplan, Sara; Goralnik, Lissy; Berry, Rachel; Fortner, Anna; George, Nick; George, Ben; Jones, Jeff; Barnes, Kim; Forche, Carolyn; Johnson, Charles; Lee, Li-Young; Nelson, Antonya; Sanchez, Sonia; Wrigley, Robert; Babin, Brad; Berical, Annie; Bilkre, Kelly; Brown, Lucas; Coughlin, Steve; Dole, Colin; Gotschall, Ben; Kupchik, Jill; Lepper, Jeff; Lewis, Michael; Marshall, Monique; Murrant, Kendel; powers, Laura; Rossignal, Nancy; O'Connor, Claire; Sorbel, Rebecca; Taber, Matt; Wilkins, Joe; Wortham, Janice; McFarland, Ronald","Fugue Staff; Kaplan, Sara; Jainchill, Justin; Levine, Philip; Shade, Eric; Frank, Matthew Gavin; Benjamin Vogt; Rooney, Kathleen; Orr, Leonard; Bunch, Rose; Schaffer, Tony; Rood, Steven; Sheffer, Roger; Beaudin, Giselda; McGrath, Campbell; Waite, Urban; Schloss, David; Slaughter, Lauren Goodwin; Parkison, Aimee; Boilard, Jon; Duffin, K. E.; Ramspeck, Doug; Krut, Robert; Green, Timothy; Troupes, David; May, Rachel; Sanders, Mark; Tseng, Sandy; Desy, Peter; Meade, Kat; Edwards, Lynell; Roullard, Lisa; Nieves, John A.; Smith, Mike; Abani, Chris; Blackman, Sarah; McMurtrey, Scott; Ortalda, Claire; Pursley III, John; Meyerhofer, Michael; Joseph, Janine",31,2006-06-01,poetry,"Fugue Literary Journal, University of Idaho Department of English, ISSN 1054-6014, https://fuguejournal.com/",Fugue2006_N31,Text,application/pdf,"In Copyright - Educational Use Permitted. For more information, please contact Fugue Literary Journal, https://fuguejournal.com/",http://rightsstatements.org/vocab/InC-EDU/1.0/,eng,Scanned at 400 dpi; access copy is PDF,http://cdm17254.contentdm.oclc.org/cdm/ref/collection/fugue/id/3219,3219,pdf,fugue-2006-n31.pdf,https://objects.lib.uidaho.edu/fugue/fugue-2006-n31.pdf,https://objects.lib.uidaho.edu/fugue/small/fugue-2006-n31_sm.jpg,https://objects.lib.uidaho.edu/fugue/thumbs/fugue-2006-n31_th.jpg
fugue-2007-n32,Fugue -Winter - Spring 2007 (No. 32),"Jainchill, Justin; Kaplan, Sara; Goralnik, Lissy; Berry, Rachel; Fortner, Anna; George, Nick; Berry, Rachel; Lewis, Michael; Barnes, Kim; Forche, Carolyn; Johnson, Charles; Nelson, Antonya; Sanchez, Sonia; Wrigley, Robert; Lee, Li-Young; Berical, Annie; Berkner, Dan; Bilkre, Kelly; Campbell, Robert; Cilley, Joshua; Comonitti, Daniel; Furubotten, Rebekah; Gottschall, Benjamin; Howell, Lucas; Imus, Todd; Kupchik, Jill; Lepper, Jeff; Miller, Anesa; Pellet, Amanda Jane; Pries, Anne; Sand, Kendell; Shank, Virginia; Worthen, Janice; Dasgupta, Sayantani; McFarland, Ronald","Fugue Staff; Jainchill, Justin; Kaplan, Sara; Harawitz, Alan; Mellas, Tessa; Mitchell Metz; French, Kerri; Gorden, Angela Autry; Capista, Joseph; Bauer, Curtis; Van Horne, Brent; Ritz, Jonathan; Herschbach, Robert; Soslow, Laurie; Maxwell, Brian; Truels, Tracy; Findura, John; Varallo, Anthony; Carter, Catherine; Anderson, John M.; Giraldi, William; Bass, Tim; Cashion, Matthew Deshe; Kirby, David; Trethewey, Natasha; Trethewey, Nancy; Moscaliuc, Mihaela; Landweber, Michael; Rathkamp, Josh; Lawrence, Candida; Welch, Don; Heatter, Virginia; Hanning, Jenny",32,2007,poetry,"Fugue Literary Journal, University of Idaho Department of English, ISSN 1054-6014, https://fuguejournal.com/",Fugue2007_N32,Text,application/pdf,"In Copyright - Educational Use Permitted. For more information, please contact Fugue Literary Journal, https://fuguejournal.com/",http://rightsstatements.org/vocab/InC-EDU/1.0/,eng,Scanned at 400 dpi; access copy is PDF,http://cdm17254.contentdm.oclc.org/cdm/ref/collection/fugue/id/3344,3344,pdf,fugue-2007-n32.pdf,https://objects.lib.uidaho.edu/fugue/fugue-2007-n32.pdf,https://objects.lib.uidaho.edu/fugue/small/fugue-2007-n32_sm.jpg,https://objects.lib.uidaho.edu/fugue/thumbs/fugue-2007-n32_th.jpg
fugue-2008-n35,Fugue -Summer - Fall 2008 (No. 35),"Lewis, Michael; Sand, Kendall; Millar, Andrew; Lepper, Jeff; Powers, Laura; Barnes, Kim; Forche, Carolyn; Johnson, Charles; Nelson, Antonya; Sanchez, Sonia; Wrigley, Robert; Lee, Li-Young; Altepeter, Elizabeth; Banks, James; Banks, James; Bauman, Matt; Berkner, Daniel; Campbell, Robert; Maile, Bethany; Onak, Scott; Pellet, Amanda Jane; Pries, Anne; Ricks, Deborah; Vodicka, Anna; McFarland, Ronald","Fugue Staff; Lewis, Michael; Sand, Kendall; Halliday, Mark; Bellamy, Lisa; Corbett, David J.; Munn, Carol Louise; Pancake, Ann; Sheffer, Roger; Zamos-Monteith, Margaret; Marsters, Sage; Bravo, Gabriel; Vicari, Justin; Antin, Charles; Garcia, Albert ; White, Nancy; Blackmore, Jenni; Hanqin, Guan; Larson, Stephen; Earley, Elizabeth; Polikoff, Daniel; Roth, Paul B.; Babine, Karen; Cody, Judith; Hollars, B.J.; Beard, Jo Ann",35,2008,poetry,"Fugue Literary Journal, University of Idaho Department of English, ISSN 1054-6014, https://fuguejournal.com/",Fugue2008_N35,Text,application/pdf,"In Copyright - Educational Use Permitted. For more information, please contact Fugue Literary Journal, https://fuguejournal.com/",http://rightsstatements.org/vocab/InC-EDU/1.0/,eng,Scanned at 400 dpi; access copy is PDF,http://cdm17254.contentdm.oclc.org/cdm/ref/collection/fugue/id/3461,3461,pdf,fugue-2008-n35.pdf,https://objects.lib.uidaho.edu/fugue/fugue-2008-n35.pdf,https://objects.lib.uidaho.edu/fugue/small/fugue-2008-n35_sm.jpg,https://objects.lib.uidaho.edu/fugue/thumbs/fugue-2008-n35_th.jpg
fugue-2010-n38,Fugue -Winter - Spring 2010 (No. 38),"Buchner, Craig E.; Morgan, Mary; Rice, Chelsia; Stauffer, Cory; Yeatts, Jennifer; Barnes, Kim; Forche, Carolyn; Johnson, Charles; Lee, Li-Young; Nelson, Antonya; Sanchez, Sonia; Wrigley, Robert; Bennett, Jacklinn; Colton, Matthew; Kinzler, Kristopher; Pipkin, Cameron; Poor, Aaron; Ritcher, Jamaica; Stebner-Steele, Ann; Watts, Katherine; Altepeter, Elizabeth; Blank, Abby; Cameron, Cherice; Shuttleworth, Ciara; Thacker, David; Zambito, Matt; McFarland, Ronald","Fugue Staff; McFarland, Ron; Bass, Rick; Hugo, Richard; Fromm, Pete; Barnes, Kim; Peterson, Mertin L.; Hemingway, Ernest; Morgan, Mary; Goodan, Kevin; Doerr, Anthony; Howell, Christopher; Coutley, Lisa Fay; Walter, Jess; Hugo, Ripley; Smith, Annick; Coe, Terese; Buchner, Craig E; Percy, Benjamin; Di Salvatore, Bryan; Chauvin, Catherine; Levy, Buddy; Passanante, Joy; Jones, Jeff; Susanna Sonnenberg; Stafford, Kim; Foster, Joshua; Dunn, Laura Christina; Sandor, Marjorie; Debra Gwartney; Blew, Mary Clearman; Robinson, Marilynne; Wrigley, Robert; Schrand, Brandon R.",38,2010-05-01,poetry,"Fugue Literary Journal, University of Idaho Department of English, ISSN 1054-6014, https://fuguejournal.com/",Fugue2010_N38,Text,application/pdf,"In Copyright - Educational Use Permitted. For more information, please contact Fugue Literary Journal, https://fuguejournal.com/",http://rightsstatements.org/vocab/InC-EDU/1.0/,eng,Scanned at 400 dpi; access copy is PDF,http://cdm17254.contentdm.oclc.org/cdm/ref/collection/fugue/id/3684,3684,pdf,fugue-2010-n38.pdf,https://objects.lib.uidaho.edu/fugue/fugue-2010-n38.pdf,https://objects.lib.uidaho.edu/fugue/small/fugue-2010-n38_sm.jpg,https://objects.lib.uidaho.edu/fugue/thumbs/fugue-2010-n38_th.jpg
fugue-2010-n39,Fugue - Summer - Fall 2010 (No. 39),"Buchner, Craig E.; Morgan, Mary; Davenports, Kelly; Heim, Steve; Yeatts, Jennifer; Barnes, Kim; Forche, Carolyn; Johnson, Charles; Lee, Li-Young; Nelson, Antonya; Sanchez, Sonia; Wrigley, Robert; Bennett, Jacklinn; Colton, Chase; Pipkin, Cameron; Poor, Aaron; Ross, Amy; Stebner-Steele, Ann; Strawn, April; Thom, Melissa; Altepeter, Elizabeth; Blank, Abby; Bromley-Vogel, Warren; Cameron, Cherice; Gaffney, Terri; Macdonald, Robert; Sandmeyer, Jake; Thacker, David; Zambito, Matt; McFarland, Ronald","Fugue Staff; Kaminsky, Ilya; Cowan, Caitlin; Williamson, Corrie; Patterson, Rachel Marie; Diaz, Junot; Sartor, Colette; Vidich, Paul; Clark, Charlie; Delcheva, Margarite; Montgomery, Sarah Fawn; Doyle, C.; Patrick, Earl; Magnussen, Luther; Moore, Jennifer; Shields, David; Abonado, Albert ; Narendorf, Bryan; Bray, Tara; McGlynn, David; George, Brandi; Diya Chaudhuri; Haven, Chris; White, Charles Dodd; Clark, George David; Ebeid, Carolina; Batykefer, Erinn; Jacobs, Heather; Mauro, Buzz; Friedlander, Christine; Silver, Kristen; Park, Alain Douglas; Crane, Patty; Heim, Steve; Sampsell, Kevin",39,2010-11-01,poetry,"Fugue Literary Journal, University of Idaho Department of English, ISSN 1054-6014, https://fuguejournal.com/",Fugue2010_N39,Text,application/pdf,"In Copyright - Educational Use Permitted. For more information, please contact Fugue Literary Journal, https://fuguejournal.com/",http://rightsstatements.org/vocab/InC-EDU/1.0/,eng,Scanned at 400 dpi; access copy is PDF,http://cdm17254.contentdm.oclc.org/cdm/ref/collection/fugue/id/3889,3889,pdf,fugue-2010-n39.pdf,https://objects.lib.uidaho.edu/fugue/fugue-2010-n39.pdf,https://objects.lib.uidaho.edu/fugue/small/fugue-2010-n39_sm.jpg,https://objects.lib.uidaho.edu/fugue/thumbs/fugue-2010-n39_th.jpg
fugue-2007-n33,Fugue - Summer - Fall 2007 (No. 33),"Jainchill, Justin; Kaplan, Sara; Fortner, Anna; George, Nick; Berry, Rachel; Lewis, Michael; Barnes, Kim; Forche, Carolyn; Johnson, Charles; Nelson, Antonya; Sanchez, Sonia; Wrigley, Robert; Lee, Li-Young; Berical, Annie; Brock, Molly; Berkner, Dan; Bilkre, Kelly; Campbell, Robert; Cilley, Joshua; Comonitti, Daniel; Dasgupta, Sayantani; Gottschall, Benjamin; Howell, Lucas; Imus, Todd; Kupchik, Jill; Lepper, Jeff; Millar, Andrew; Miller, Anesa; Pellet, Amanda Jane; Pries, Anne; Sand, Kendall; Shank, Virginia; Worthen, Janice; McFarland, Ronald","Fugue Staff; Kaplan, Sara; Jainchill, Justin; Smith, R. T.; Frank, Rebecca; Warren, Danielle Grace; Dixon, Amy E.; White, Jared; Reiss, James; Milward, Andrew Malan; Bernhard, William; Holt, K. A.; Finck, Shannon; Duva, Kate; Childress, Susanna; Hollister, Colleen; Shepard, Jim; Giewont, Gail; Brown, J. Lorraine; Sadler, Lynn Veach; Kaneko, W. Todd; Smith, Rob McClure; Drew, George; Spireng, Matthew J.; Myers, Jed; Selinsky, Thomas; Thon, Melanie Rae; Ramspeck, Doug; Fugate, Marissa; Levine, Jeffery; Krump, David; Knight, Megan; Schuyler, Nina; Martone, Michael; Ronald McFarland; Molini, Sally; Beard, Jo Ann; Schlegel, Kisha Lewellyn",33,2007,poetry,"Fugue Literary Journal, University of Idaho Department of English, ISSN 1054-6014, https://fuguejournal.com/",Fugue2007_N33,Text,application/pdf,"In Copyright - Educational Use Permitted. For more information, please contact Fugue Literary Journal, https://fuguejournal.com/",http://rightsstatements.org/vocab/InC-EDU/1.0/,eng,Scanned at 400 dpi; access copy is PDF,http://cdm17254.contentdm.oclc.org/cdm/ref/collection/fugue/id/4062,4062,pdf,fugue-2007-n33.pdf,https://objects.lib.uidaho.edu/fugue/fugue-2007-n33.pdf,https://objects.lib.uidaho.edu/fugue/small/fugue-2007-n33_sm.jpg,https://objects.lib.uidaho.edu/fugue/thumbs/fugue-2007-n33_th.jpg
fugue-2009-n37,Fugue -Summer - Fall 2009 (No. 37),"Lewis, Michael; Sand, Kendall; Millar, Andrew; Lepper, Jeff; Powers, Laura; Barnes, Kim; Forche, Carolyn; Johnson, Charles; Nelson, Antonya; Sanchez, Sonia; Wrigley, Robert; Lee, Li-Young; Altepeter, Elizabeth; Banks, James; Banks, James; Bauman, Matt; Berkner, Daniel; Campbell, Robert; Maile, Bethany; Onak, Scott; Pellet, Amanda Jane; Pries, Anne; Ricks, Deborah; Vodicka, Anna; McFarland, Ronald","Fugue Staff; Millar, Andrew; Sand, Kendall; Fairchild, BH; Colic, Danica; Barber, Sarah; Hampl, Patricia; Rahmim, Iraj Isaac; Nilsson, Annie; Kook, Hyejung; McKinnon, Sara; Bade, Scott M.; Colgin, Paul David; Bender, Aimee; Debus, Ben ; Conor, Katherine; Van Auken, L.D.; Garett, Jack; Francine Witte; Pomfret, Scott D.; Evans, Kerry James; Flynn, Katie; Diane Bush; Langemak, Elizabeth; Disler, Michelle",37,2009,poetry,"Fugue Literary Journal, University of Idaho Department of English, ISSN 1054-6014, https://fuguejournal.com/",Fugue2009_N37,Text,application/pdf,"In Copyright - Educational Use Permitted. For more information, please contact Fugue Literary Journal, https://fuguejournal.com/",http://rightsstatements.org/vocab/InC-EDU/1.0/,eng,Scanned at 400 dpi; access copy is PDF,http://cdm17254.contentdm.oclc.org/cdm/ref/collection/fugue/id/4197,4197,pdf,fugue-2009-n37.pdf,https://objects.lib.uidaho.edu/fugue/fugue-2009-n37.pdf,https://objects.lib.uidaho.edu/fugue/small/fugue-2009-n37_sm.jpg,https://objects.lib.uidaho.edu/fugue/thumbs/fugue-2009-n37_th.jpg
fugue-1993-n7,Fugue -Spring-Summer 1993 (No.7),"Hendee, J.C.; Korinne Bodily; Torr Nelson; Robb Brennan; Mark Coen; Eric Peterson; Jeff McClelland; Maria Maggi; Barb Hendee; Ron McFarland","McFarland, Ron; Rogers, Pattiann; Deckert, Jennifer; Petosky, Barbara J.; Tem, Steve Rasnic; Lubow, Mike; Payne, Charles A.; McFarland, Elsie Watson; Maggi, Maria Theresa; Cuthbert, Deborah; Lindholdt, Paul; Fitzgerald, Neil",7,1993,poetry,"Fugue Literary Journal, University of Idaho Department of English, ISSN 1054-6014, https://fuguejournal.com/",Fugue1993_N7,Text,application/pdf,"In Copyright - Educational Use Permitted. For more information, please contact Fugue Literary Journal, https://fuguejournal.com/",http://rightsstatements.org/vocab/InC-EDU/1.0/,eng,Scanned at 400 dpi; access copy is PDF,http://cdm17254.contentdm.oclc.org/cdm/ref/collection/fugue/id/4250,4250,pdf,fugue-1993-n7.pdf,https://objects.lib.uidaho.edu/fugue/fugue-1993-n7.pdf,https://objects.lib.uidaho.edu/fugue/small/fugue-1993-n7_sm.jpg,https://objects.lib.uidaho.edu/fugue/thumbs/fugue-1993-n7_th.jpg
fugue-1996-n14-15,Fugue -Fall 1996 / Spring 1997 (No.14/15),"Eric P. Isaacson; Hendee, J.C.; Kris Kurrus; Kit Craine; Eric P. Isaacson","McFarland, Ron; Hill, Roberta; Seashore, Karen; Zydek, Fredrick; Haag, John; Torrez, Evarado; Sommerville, Kristine; Luders, Lesa; Diana Armstrong; Almond, Steve; Schurman, Elizabeth; Held, Dennis; Federman, Raymond; Everman, Welch; Olsen, Lance; Fugue Staff",14-15,1997-05-01,poetry,"Fugue Literary Journal, University of Idaho Department of English, ISSN 1054-6014, https://fuguejournal.com/",Fugue1996-97_N14-15,Text,application/pdf,"In Copyright - Educational Use Permitted. For more information, please contact Fugue Literary Journal, https://fuguejournal.com/",http://rightsstatements.org/vocab/InC-EDU/1.0/,eng,Scanned at 400 dpi; access copy is PDF,http://cdm17254.contentdm.oclc.org/cdm/ref/collection/fugue/id/4383,4383,pdf,fugue-1996-n14-15.pdf,https://objects.lib.uidaho.edu/fugue/fugue-1996-n14-15.pdf,https://objects.lib.uidaho.edu/fugue/small/fugue-1996-n14-15_sm.jpg,https://objects.lib.uidaho.edu/fugue/thumbs/fugue-1996-n14-15_th.jpg
fugue-2009-n36,Fugue -Winter-Spring 2009 (No.36),Andrew Millar; Kendall Sand; Craig Buchner; Mary Morgan; Laura Powers,"Millar, Andrew; Sand, Kendall ; Rosenzweig, Geri; Welsch, Gabriel; Shields, Sharma; Kidd, Stacy; Perry, Michael; Hypnarowski, Rita; Hillard, Graham; Neumann, Franz; Edmondson, Bill; Hernandez, Annalise; Rice, Jonathan; Duvernoy, Russell J.; Kirn, Heather; Quintanilla, Octavio; Gilbreath, Aaron; Branca, Devon; Welch, Tana Jean; Poirier, Mark Jude; Schlosser, Jason; Doerr, Anthony; Sand, Kendall; Travieso, Robert; Fugue Staff",36,2009-05-01,poetry,"Fugue Literary Journal, University of Idaho Department of English, ISSN 1054-6014, https://fuguejournal.com/",Fugue2009_N36,Text,application/pdf,"In Copyright - Educational Use Permitted. For more information, please contact Fugue Literary Journal, https://fuguejournal.com/",http://rightsstatements.org/vocab/InC-EDU/1.0/,eng,Scanned at 400 dpi; access copy is PDF,http://cdm17254.contentdm.oclc.org/cdm/ref/collection/fugue/id/4508,4508,pdf,fugue-2009-n36.pdf,https://objects.lib.uidaho.edu/fugue/fugue-2009-n36.pdf,https://objects.lib.uidaho.edu/fugue/small/fugue-2009-n36_sm.jpg,https://objects.lib.uidaho.edu/fugue/thumbs/fugue-2009-n36_th.jpg
fugue-2008-n34,Fugue -Winter - Spring 2008 (No. 34),"Lewis, Michael; Sand, Kendall; Millar, Andrew; Lepper, Jeff; Powers, Laura; Barnes, Kim; Forche, Carolyn; Johnson, Charles; Nelson, Antonya; Sanchez, Sonia; Wrigley, Robert; Lee, Li-Young; Altepeter, Elizabeth; Banks, James; Barnaby, Alfredo; Bauman, Matt; Berkner, Daniel; Campbell, Robert; Fleener, Dusty; Maile, Bethany; Mangiapani, Christina; Onak, Scott; Pellet, Amanda; Pries, Anne; Ricks, Deborah; Shank, Virginia; Thornquist, Erik; Uhrich, Amy; Vodicka, Anna; Yadao, Danielle; McFarland, Ronald","Fugue Staff; Lewis, Michael; Sand, Kendall; Barker, Brian; Lamers, Sara E.; Pearly, J. H.; Browne, Katharyn; Halliday, Mark; Provence, Scott; Montesano, Keith; Beilin, Caren; Penna, J. J.; Beer, Nicky; Wheeler, Theodore; Patterson, Thomas; Nebel, Jay; Wilson, D. Harlan; Hays, K. A.; Ramp, Philip; Macri, Angie; Zambito, Matt; Porter, Will; Roberts, Andrew Micael; Tandon, Jason; Martin, Manjula; Garcia, Richard",34,2008-05-01,poetry,"Fugue Literary Journal, University of Idaho Department of English, ISSN 1054-6014, https://fuguejournal.com/",Fugue2008_N34,Text,application/pdf,"In Copyright - Educational Use Permitted. For more information, please contact Fugue Literary Journal, https://fuguejournal.com/",http://rightsstatements.org/vocab/InC-EDU/1.0/,eng,Scanned at 400 dpi; access copy is PDF,http://cdm17254.contentdm.oclc.org/cdm/ref/collection/fugue/id/4609,4609,pdf,fugue-2008-n34.pdf,https://objects.lib.uidaho.edu/fugue/fugue-2008-n34.pdf,https://objects.lib.uidaho.edu/fugue/small/fugue-2008-n34_sm.jpg,https://objects.lib.uidaho.edu/fugue/thumbs/fugue-2008-n34_th.jpg
fugue-2014-n46,Fugue 46 (2014),"Greenwell, Eric; Ellison, Katie; Durham, Jordan; Severn, Eric; Peel, Ashley; Baldwin, Alex; Barnes, Kim; Johnson, Charles; Nelson, Antonya; Forche, Carolyn; Lee, Li-Young; Sanchez, Sonia; Wrigley, Robert; Barker, Myles; Clapper, Jordan; Dean, Amber; Hendricks, Alan; Kersten, Courtney; Lyon, Jamie; Mills-Rittman, Megan; Perreault, Joseph; Scott, Cassie; St. Cyr, Matt; Utermehlen, Karl; Brown, Nate; Culp, Christine; Hammons, Anna; Johnson, Katherine; Layton, April; Mansour, Saleeha; Orosco, Eric; Purvis, Dustin; Scullion, Brian; Siegel, Lloyd; Vangundy, Sarah; Williams, Sadie; Barry, Becky; Iacob, Daniel; Orono, Rose; Previti, Zana; Brubaker, Amelia; McDermott, Jessica; Pearson, Jeff; Silva, Wendy; Thornton, Rob; Teague, Alexandra","Nieves, John A.; Penney, Scott; Gette, M.J.; Champion, Catherine; Slinekr, Nathan; Leahy, Anna; Flynn, Nick; Mehta, Shivani; Grenrock, Sam; Mossoti, Travis; Williams, Gina; Boyd, Jacob; Deulen, Danielle Cadena; Givhan, Jennifer; Newberry, Jacob; Wagenaar, Mark; Parsons, Dustin; Troisi, Gina; Morales, Dionisia; Leiderbach, Nate; Elliot, Anne; Richardson, Mark",46,2014,poetry,"Fugue Literary Journal, University of Idaho Department of English, ISSN 1054-6014, https://fuguejournal.com/",Fugue Issue 46.pdf,Text,application/pdf,"In Copyright - Educational Use Permitted. For more information, please contact Fugue Literary Journal, https://fuguejournal.com/",http://rightsstatements.org/vocab/InC-EDU/1.0/,eng,,,,pdf,fugue-2014-n46.pdf,https://objects.lib.uidaho.edu/fugue/fugue-2014-n46.pdf,https://objects.lib.uidaho.edu/fugue/small/fugue-2014-n46_sm.jpg,https://objects.lib.uidaho.edu/fugue/thumbs/fugue-2014-n46_th.jpg
fugue-2011-n40,Fugue 40 (2011),"Morgan, Mary; Hein, Steve; Yeats, Jennifer; Colton, M. Chase; Stebner-Steele, Ann; Yeatts, Jennifer; Barnes, Kim; Johnson, Charles; Nelson, Antonya; Forche, Carolyn; Lee, Li-Young; Sanchez, Sonia; Benedict, Michael; Davis, Bethany; Kammers, Bryce; Rice, Chelsia; Roberts, Kelly; Stoddard, Cara; Tucker, Robin; Culp, Christie; Dutcher, Esme; Leach, Bethany; Ritcher, Jamaica; Ross, Amy; Strawn, Marjorie; Vollendorf, Matt; Zender, Bret; Blank, Abby; Bromley-Vogel, Warren; Givler, Mary Katherine; Mickelson, Jory; Breed, Danielle; Cameron, Cherice; Maw, Matt; Pizzo, Laura; McFarland, Ronald","McClanahan, Rebecca; Moore, Dinty W.; Martone, Michael; Panning, Anne; Ghaly, Alexandra; Kupperman, Kim Dana; Dargan, Kyle; Jean, Guy; Kaminsky, Ilya; Farris, Kathryn; Monson, Ander; Bell, Marvin; Miner, Valerie; Miller, Brenda; Kanke, Jennifer; Wisenberg, S.L.; Shipley, Ely; Campbell, Jennifer; Bastian, Laurel; Yoder, Rachel; Juntunen, Derek; Wenderoth, Joe; Bumas, E.Shaskan; Moulton, Iris; Purpura, Lia; Sand, Kendall; Morgan, Mry; Weissberger, Barbara",40,2011,poetry,"Fugue Literary Journal, University of Idaho Department of English, ISSN 1054-6014, https://fuguejournal.com/",Fugue2011_N40.pdf,Text,application/pdf,"In Copyright - Educational Use Permitted. For more information, please contact Fugue Literary Journal, https://fuguejournal.com/",http://rightsstatements.org/vocab/InC-EDU/1.0/,eng,,,,pdf,fugue-2011-n40.pdf,https://objects.lib.uidaho.edu/fugue/fugue-2011-n40.pdf,https://objects.lib.uidaho.edu/fugue/small/fugue-2011-n40_sm.jpg,https://objects.lib.uidaho.edu/fugue/thumbs/fugue-2011-n40_th.jpg
fugue-2011-n41,Fugue 41 (2011),"Morgan, Mary; Yeatts, Jennifer; Colton, M. Chase; Stebner-Steele, Ann; Bromley-Vogel, Warren; Barnes, Kim; Johnson, Charles; Nelson, Antonya; Forche, Carolyn; Lee, Li-Young; Sanchez, Sonia; Benedict, Michael; Davis, Bethany; Kammers, Bryce; Rice, Chelsia; Roberts, Kelly; Stoddard, Cara; Tucker, Robin; Culp, Christie; Dutcher, Esme; Leach, Bethany; Ritcher, Jamaica; Ross, Amy; Strawn, Marjorie; Vollendorf, Matt; Zender, Bret; Blank, Abby; Givler, Mary Katherine; Mickelson, Jory; Breed, Danielle; Cameron, Cherice; Maw, Matt; Pizzo, Laura; McFarland, Ronald","Laux, Dorianne; Wagenaar, Mark; La Via, Marie; Pepper, Patric; Almond, Steve; Fayer, Steve; Garza, Aaron; Kitchen, Judith; Prentiss, Sean; Lewis, J.D.; Springer, Jane; Alexie, Sherman; Huey, Amorak; Bendorf, Oliver; Nickol, Ben; Hill, Nathan; Hollars, B.J.; Stenson, Peter; Cooper, Michael; Knupfer, Franz; Bromley-Vogel, Warren; Kolongowski, Jill",41,2011,poetry,"Fugue Literary Journal, University of Idaho Department of English, ISSN 1054-6014, https://fuguejournal.com/",Fugue2011_N41.pdf,Text,application/pdf,"In Copyright - Educational Use Permitted. For more information, please contact Fugue Literary Journal, https://fuguejournal.com/",http://rightsstatements.org/vocab/InC-EDU/1.0/,eng,,,,pdf,fugue-2011-n41.pdf,https://objects.lib.uidaho.edu/fugue/fugue-2011-n41.pdf,https://objects.lib.uidaho.edu/fugue/small/fugue-2011-n41_sm.jpg,https://objects.lib.uidaho.edu/fugue/thumbs/fugue-2011-n41_th.jpg
fugue-2012-n43,Fugue 43 (2012),"Bromley-Vogel, Warren; Colton, M. Chase; Ross, Amy; Ritcher, Jamaica; Pizzo, Laura; Barnes, Kim; Johnson, Charles; Nelson, Antonya; Wrigley, Robert; Forche, Carolyn; Lee, Li-Young; Sanchez, Sonia; Benedict, Michael; Brownell, Katarina; Delavan, Michaela; Dutcher, Esme; Hendricks, Sara; Peel, Ashley; Maw, Matt; Schaffer, Alyssa; Severn, Eric; Staufenberg, Samantha; Borges, Karina; Cross, Kasondra; Dunning, Sonya; Gordon, Nol; Klismith, Daniel; Poor, Aaron; Rubenfeld, Shawn; Scullion, Brian; Sipe, Alexandra; Stoddard, Cara; Akin, Jeremiah; Day, Sandi; Greenwell, Eric; Sappington, David; Cox, Amanda; Freeman, Matthew; Ropski, Beth; Silva, Wendy; Warne-Rowe, Jasmine; McFarland, Ronald","Jones, Rodney; Elkins, Ansel; Cazden, David; Mounts, Dylan; Houston, Pam; Sigler, Josie; Pulley, Natanya Ann; Switzer, Anne; Hudson, Michael Derrick; Judkins, Julie; Tigchelaar, Jeff; Jorgenson, Signe; Beaver, Mark; Pelcz, B.; Robert, Waring Geoffret",43,2012,poetry,"Fugue Literary Journal, University of Idaho Department of English, ISSN 1054-6014, https://fuguejournal.com/",Fugue2012_N43.pdf,Text,application/pdf,"In Copyright - Educational Use Permitted. For more information, please contact Fugue Literary Journal, https://fuguejournal.com/",http://rightsstatements.org/vocab/InC-EDU/1.0/,eng,,,,pdf,fugue-2012-n43.pdf,https://objects.lib.uidaho.edu/fugue/fugue-2012-n43.pdf,https://objects.lib.uidaho.edu/fugue/small/fugue-2012-n43_sm.jpg,https://objects.lib.uidaho.edu/fugue/thumbs/fugue-2012-n43_th.jpg
fugue-2013-n45,Fugue 45 (2013),"Pizzo, Laura; Greenwell, Eric; Rubenfeld, Shawn; Benedict, Michael; Dunning, Sonya; Day, Sandi; Barnes, Kim; Johnson, Charles; Nelson, Antonya; Forche, Carolyn; Lee, Li-Young; Sanchez, Sonia; Wrigley, Robert; Borges, Karina; Delavan, Michaela; Hankey, Jasmine; Haruch, Amanda; Hayes, Eric; Miiler, Hana; Newman, Erika; Peel, Ashley; Sappington, David; Severn, Eric; Crum, Jordan; Ellison, Katie; Hanshaw, Holly; Hawk, Jennifer; Hendricks, Sara; Mills-Rittman, Megan; Pearson, Jeff; Roberts, Kelly; Scullion, Brian; Siegal, Lloyd; Siemens, Rachel; Akin, Jeremiah; Brubaker, Amelia; Iacob, Daniel; Ropski, Beth; Spies, Shannon; Baldwin, Alex; Cook, Zach; Keating, Conor; Silva, Wendy; Warne-Rowe, Jasmine; Teague, Alexandra","Emerson, Claudia; Ray, Richard; Tomorowitz, Elena; Landon, K.T.; Brenna, Duff; Alexander, Lisa; Miller-Rose, Nikki; Potter, Christine; Hussain, Amir; Oet, Jacob; Storms, Jason; Kiley, Katelyn; Storar, Mitchell; Larkin, Tanya; Young, Joshua; Ligon, Samuel; Cooper, R.M.; West, Stephen J.; Lykins, Matthew; Hoffman, Ben",45,2013,poetry,"Fugue Literary Journal, University of Idaho Department of English, ISSN 1054-6014, https://fuguejournal.com/",Fugue2013_N45.pdf,Text,application/pdf,"In Copyright - Educational Use Permitted. For more information, please contact Fugue Literary Journal, https://fuguejournal.com/",http://rightsstatements.org/vocab/InC-EDU/1.0/,eng,,,,pdf,fugue-2013-n45.pdf,https://objects.lib.uidaho.edu/fugue/fugue-2013-n45.pdf,https://objects.lib.uidaho.edu/fugue/small/fugue-2013-n45_sm.jpg,https://objects.lib.uidaho.edu/fugue/thumbs/fugue-2013-n45_th.jpg
fugue-2014-n47,Fugue 47 (2014),"Greenwell, Eric; Durham, Jordan; Ellison, Katie; Severn, Eric; Peel, Ashley; Baldwin, Alex; Barnes, Kim; Johnson, Charles; Nelson, Antonya; Forche, Carolyn; Lee, Li-Young; Sanchez, Sonia; Wrigley, Robert; Barker, Myles; Clapper, Jordan; Dean, Amber; Hendricks, Alan; Kersten, Courtney; Lyon, Jamie; Mastaler, Jason; Orosco, Eric; Purvis, Dustin; Scullion, Brian; Siegel, Lloyd; Vangundy, Sarah; Brown, Nate; Culp, Christine; Hammons, Anna; Johnson, Katherine; Layton, April; Mansour, Saleeha; Mills-Rittman, Megan; Perreault, Joseph; Scott, Cassie; St. Cyr, Matt; Utermehlen, Karl; Williams, Sadie; Barry, Becky; Iacob, Daniel; Orono, Rose; Previti, Zana; Brubaker, Amelia; McDermott, Jessica; Pearson, Jeff; Silva, Wendy; Thornton, Rob; Teague, Alexandra","Marvin, Cate; Hess, Judd; Greenwell, Eric; Baumgartner, Mark; Morton, Matt; Harrison, Bradley; Welch, Tana Jean; Sousa, Sarah; Campbell, Chloe Anne; Noll, Brianna; Jensen, Greg; Johnson, Brad; Cpses, Meg Scott; Fuller, Amanda; Melby, June; Standefer, Katherine E.; Spiegel, Megan; Goerig, M.; Nickol, Ben; O'Brien, Colleen",47,2014,poetry,"Fugue Literary Journal, University of Idaho Department of English, ISSN 1054-6014, https://fuguejournal.com/",Fugue2014_N47.pdf,Text,application/pdf,"In Copyright - Educational Use Permitted. For more information, please contact Fugue Literary Journal, https://fuguejournal.com/",http://rightsstatements.org/vocab/InC-EDU/1.0/,eng,,,,pdf,fugue-2014-n47.pdf,https://objects.lib.uidaho.edu/fugue/fugue-2014-n47.pdf,https://objects.lib.uidaho.edu/fugue/small/fugue-2014-n47_sm.jpg,https://objects.lib.uidaho.edu/fugue/thumbs/fugue-2014-n47_th.jpg
fugue-2015-n49,Fugue 49 (2015),"Durham, Jordan; Mastaler, Jason; Landreth, Michael; Brown, Nathaniel; Johnson, Katherine; Pearson, Jeff; Barnes, Kim; Johnson, Charles; Nelson, Antonya; Wrigley, Robert; Forche, Carolyn; Lee, Li-Young; Sanchez, Sonia; Bond, Corrin; Burtis, Chantilly; Clapper, Jordan; Hargreaves, Ross; Maynard, Seth; Newman, Erika; Rogers, Clair; Sullivan, Ian; Whitt, David; Bright, Ashleigh; Cushing, Michelle; Gehrke, Meghan; Hensley, Cherise; McCabe, Justin; Perreault, Joseph; Sarna, Jason; Utermohlen, Karl; Yazwinski, Sally; Culton, Lane; Hites, Caitlin; Goedker, Ashley; Jarboe, Canese; Teague, Alexandra","Prufer, Kevin; Trommer, KC; Robbins, Liz; Walt, Jeff; Gilb, Dagoberto; Whelan, Kara; Han, Ah-reum; Crew, Caroline; Charleston, Courtney Lamar; Zeller, Maya Jewell; Shihab-Nye, Naomi; Wrigley, Robert; McQuerry, Claire; McFarland, M.E.; McQueen, LaTanya; Wade, Julie Marie; Tuck, Dean Marshall; Hurley, Blair",49,2015,poetry,"Fugue Literary Journal, University of Idaho Department of English, ISSN 1054-6014, https://fuguejournal.com/",Fugue2015_N49.pdf,Text,application/pdf,"In Copyright - Educational Use Permitted. For more information, please contact Fugue Literary Journal, https://fuguejournal.com/",http://rightsstatements.org/vocab/InC-EDU/1.0/,eng,,,,pdf,fugue-2015-n49.pdf,https://objects.lib.uidaho.edu/fugue/fugue-2015-n49.pdf,https://objects.lib.uidaho.edu/fugue/small/fugue-2015-n49_sm.jpg,https://objects.lib.uidaho.edu/fugue/thumbs/fugue-2015-n49_th.jpg
fugue-2016-n51,Fugue 51 (2016),"Durham, Jordan; Jarboe, Canese; Brown, Nathaniel; McDermott, Jessica; Goedker, Ash; Barnes, Kim; Johnson, Charles; Nelson, Antonya; Wrigley, Robert; Forche, Carolyn; Lee, Li-Young; Sanchez, Sonia; Caraway, Mary; Hargreaves, Ross; Jeske, Autry; Nanney, Clifton; Heather Woolery; Perreault, Joseph; Roglin, Gabrielle; Stephenson, Calvin; Utermohlen, Karl; Westerfield, Lauren; Clapper, Jordan; Hull, Madison; Kersten, Courtney; Meyer, Lauren Will; Orona, Rosemarie; Pickens, Breanne; Soumas, Michelle; Stokes, Katherine; Westby, Rachel; Whitt, David; Culton, Lane; Fraley, Samantha; McGill, Cameron; Robson, Justin; Scott, Cassie; Fisher, Morgan; Lewis, Katherine; Ogelsby, Corey; Rosgen, Michael; Teague, Alexandra","McLarney, Rose; Brewin Jr., Mark Jay; Scarano, Caitlin; Turok, Ruby; Kruse, Megan; Mandeville, Mary; Gurche, Peter; Olguin, Molly; Chatavel, Caroline; Curtiss, Caleb; Dhyne, Michael; Dingman, Chelsea; Hotchandani, Carolina; Krumbach, Peter; Read, Laura; Horneber, Elizabeth; Maccini, Christopher; Womer, Brenna; Klougart, Josfine; Weinstein, Alexander",51,2016,poetry,"Fugue Literary Journal, University of Idaho Department of English, ISSN 1054-6014, https://fuguejournal.com/",Fugue2016_N51.pdf,Text,application/pdf,"In Copyright - Educational Use Permitted. For more information, please contact Fugue Literary Journal, https://fuguejournal.com/",http://rightsstatements.org/vocab/InC-EDU/1.0/,eng,,,,pdf,fugue-2016-n51.pdf,https://objects.lib.uidaho.edu/fugue/fugue-2016-n51.pdf,https://objects.lib.uidaho.edu/fugue/small/fugue-2016-n51_sm.jpg,https://objects.lib.uidaho.edu/fugue/thumbs/fugue-2016-n51_th.jpg
fugue-2017-n52,Fugue 52 (2017),"Goedker, Ash; Lewis, Kat; Oglesby, Cory; Yazwinski, Sally; Westerfield, Lauren; Warmbier, Paul; McGill, Cameron; Fuhrman, Cindy; Barnes, Kim; Barnes, Kim; Johnson, Charles; Nelson, Antonya; Forche, Carolyn; Lee, Li-Young; Sanchez, Sonia; Wrigley, Robert; Autry, Jeske; Culp, Christie; Hill, Caitlin; Kowalski, Taylor; Woolery-Larsen, Heather; Maas, Austin; Paz, Katelyn; Vangundy, Sarah; Woolery, Heather; Benson, Jerri; Caraway, Mary; Hill, Jack; Lawler, Keegan; Lei, Jinrong; Orona, Rosemarie; Stokes, Katherine; Westby, Rachel; Alexander, Emily; Rochel-Glover, Shanda; Fuhrman, Cindy; Frederick, Tessa; Chavis, Garrett; Lewis, Kat; Teague, Alexandra","Dhar, Nandini; Grmadzki, Derek; Hargis, Shrode; Lanay, Jessica; Lee, Jessica; Mcleod, Owen; Perkins, Mariah; Reynolds, Meg; Richard, Brad; Roa, Amy; Williams, John Sibley; Cohen, Miriah; Dighiera, Nicholas; Corbett, Angela; Moeck, Emily; Rasmussen, Eric; Haack, Tracy",52,2017,poetry,"Fugue Literary Journal, University of Idaho Department of English, ISSN 1054-6014, https://fuguejournal.com/",Fugue2017_N52.pdf,Text,application/pdf,"In Copyright - Educational Use Permitted. For more information, please contact Fugue Literary Journal, https://fuguejournal.com/",http://rightsstatements.org/vocab/InC-EDU/1.0/,eng,,,,pdf,fugue-2017-n52.pdf,https://objects.lib.uidaho.edu/fugue/fugue-2017-n52.pdf,https://objects.lib.uidaho.edu/fugue/small/fugue-2017-n52_sm.jpg,https://objects.lib.uidaho.edu/fugue/thumbs/fugue-2017-n52_th.jpg
fugue-2017-n53,Fugue 53 (2017),"Ogelsby, Corey; Goedker, Ash; Lewis, Kat; Miller, Stacy Boe; Curran, Caitlyn; Yazwinski, Sally; Westerfield, Lauren; Warmbier, Paul; McGill, Cameron; Fuhrman, CMarie; VanGundy, Sarah; Barnes, Kim; Johnson. Charles; Nelson, Antonya; Wrigley, Robert; Forche, Carolyn; Lee, Li-Young; Sanchez, Sonia; Autry, Jeske; Bow, Alex; Culp, Christie; Hill, Caitlin; Lawler, Keegan; Lei, Jinrong; Orona, Rosemarie; Paz, Katelyn; Stokes, Katherine; Westby, Rachel; Benson, Jerri; Caudle, Garret; Caraway, Mary; Kowalski, Taylor; Woolery-Larsen, Heather; Maas, Austin; Palmer, Caitlin; Stewart, Hailey; VanGundy, Sarah; Wilson, Jacob; Alexander, Emily; Curran, Caitlyn; Glover, Shanda-Rochel; Lewis, Kat; Thompson, Bradley; Chavis, Garrett; Eubank, Dave; Hill, Jack; Lunsford, Xena; Yarnall, Lauren; Jansen, David; Vaughn, Ashley; Teague, Alexandra","Brimhall, Traci; Powell, Mallory Imler; Lepucki, Edan; Myrick, Emily; Annis, Derek; Daniels, Jim; Dugas, Hollie; Dunn, Laura Christina; Kae, Erin; Mceldowney, Jill; Myers, M.D.; Sulak, Marcela; Tadmore, Avia; Terwilliger, Kelly; Wagenaar, Mark; Whitaker, Maceo J.; Falk, Naomi; Walker, Nicole; Gretes, Andrew; Hinterliter, Robert; Stone, Blake J.; Van Winckel, Nance",53,2017,poetry,"Fugue Literary Journal, University of Idaho Department of English, ISSN 1054-6014, https://fuguejournal.com/",Fugue2017_N53.pdf,Text,application/pdf,"In Copyright - Educational Use Permitted. For more information, please contact Fugue Literary Journal, https://fuguejournal.com/",http://rightsstatements.org/vocab/InC-EDU/1.0/,eng,,,,pdf,fugue-2017-n53.pdf,https://objects.lib.uidaho.edu/fugue/fugue-2017-n53.pdf,https://objects.lib.uidaho.edu/fugue/small/fugue-2017-n53_sm.jpg,https://objects.lib.uidaho.edu/fugue/thumbs/fugue-2017-n53_th.jpg
fugue-2013-n44,Fugue 44 (2013),"Pizzo, Laura; Greenwell, Eric; Rubenfeld, Shawn; Benedict, Michael; Dunning, Sonya; Day, Sandi; Barnes, Kim; Johnson, Charles; Nelson, Antonya; Forche, Carolyn; Lee, Li-Young; Sanchez, Sonia; Wrigley, Robert; Borges, Karina; Cook, Zac; Delavan, Michaela; Ellison, Katie; Harman, Rachelq; Hayes, Eric; Holmquist, Jessica; Lundeby, Clair; Maw, Matt; Mills-Rittman, Megan; Newman, Erika; Schaffer, Alyssa; Severn, Eric; Siemens, Rachel; Brownell, Katarina; Davisson, Brenda; Eimers, Heidi; Hanshaw, Holly; Haruch, Amanda; Hendricks, Sara; Hutchings, Virginia; Mansour, Saleeha; Miiler, Hana; Montgomery, Jared; Roberts, Kelly; Scullion, Brian; Siegel, Lloyd; Staufenberg, Sam; Stoddard, Cara; Akin, Jeremiah; Bergman, Zach; Brubaker, Amelia; Little, Angelene; Sappington, David; Ropski, Beth; Centers, Ashley; Mickelson, Jory; Silva, Wendy; Rowe, Jasmine Warne; Teague, Alexandra","Grace, Andrew; Kirby, Bruce; Sloat, Sarah; Day, Meg; Tigchelaar, Jeff; Macri, Angie; Childress, Susanna; Craft, Joellen; Scarano, Caitlin; Belcher, Philip; Westbrook, John; Cayanan, Mark Anthony; Norris, Lisa; Sinor, Jennifer; Boswell, Robert; Sustana, Catherine; Thielke, D.J.",44,2013,poetry,"Fugue Literary Journal, University of Idaho Department of English, ISSN 1054-6014, https://fuguejournal.com/",Fugue44.pdf,Text,application/pdf,"In Copyright - Educational Use Permitted. For more information, please contact Fugue Literary Journal, https://fuguejournal.com/",http://rightsstatements.org/vocab/InC-EDU/1.0/,eng,,,,pdf,fugue-2013-n44.pdf,https://objects.lib.uidaho.edu/fugue/fugue-2013-n44.pdf,https://objects.lib.uidaho.edu/fugue/small/fugue-2013-n44_sm.jpg,https://objects.lib.uidaho.edu/fugue/thumbs/fugue-2013-n44_th.jpg
fugue-2018-n55,Fugue 55 (2018),"Ogelsby, Corey; Yarnall, Lauren; Curran, Caitlyn; Miller, Stacy Boe; Westerfield, Lauren; Hill, Caitlin; Palmer, Caitlin; Burns, Samantha; McGill, Cameron; Fuhrman, CMarie; VanGundy, Sarah; Azevedo, Alexa; Blann, Elizabeth; Chappell, Charissa; Colson, Kathryn; Dion, Liberty; Hemphill, Lauren; Layton, April; Lee, Austin; Montoya, Mariah; Nuttall, Jake; Kish, Ryan O'Callaghan; Hamilton, Stephanie; Dominguez, Shane; Short, Keene; Bond, Corrin; Stokes, Kit; Lawler, Keegan; Maas, Austin; Stewart, Hailey; Thomas, Paige; Bertoloni, Kristen; Jensen, Remington; Hughes, Miranda; Curran, Caitlyn; Decker, Michael; Downum, Ryan; Lewis, Kat; Miller, Stacy; Nye, Kaylee; Shane, Ben; Thornton, Rob; Yarnall, Lauren; Janssen, Jr., David; Vaughn, Ashley; Barnes, Kim; Forche, Carolyn; Johnson, Charles; Lee, Li-Young; Nelson, Antonya; Sanchez, Sonia; Wrigley, Robert; Teague, Alexandra; Turpin, Zachary","Sexton, Linda Gray; Tuprpin, Zachary; Singer, Erin C.; Sexton, Anne; Seshadri, Vijay; Simons, Seth; Abeytia, Ernesto L.; Machado, Carmen Maria; Smith, Zinnia; Foster, Anne; Alsamsam, Dana; Bruner, R. Cassandra; Carrell, Holli; Connolly, Nicole; Goodman, Henrietta; Grace, Andre; Grae, Tanya; Jaffe, Gilad; McGrath, Campbell; Morey-Collins, Jessica; O'Bernstein, Bridget; Queeney, Maggie' Schomburg, Zachary; Barnhouse, Brit; Bell, Allison Field; Callaway, Kevin; Maher, Kristine Langley; Maynard, Jake; Fitts, Tim; Majeski, Anna; Sutter, Daniel",55,2018,poetry,"Fugue Literary Journal, University of Idaho Department of English, ISSN 1054-6014, https://fuguejournal.com/",Fugue55.pdf,Text,application/pdf,"In Copyright - Educational Use Permitted. For more information, please contact Fugue Literary Journal, https://fuguejournal.com/",http://rightsstatements.org/vocab/InC-EDU/1.0/,eng,,,,pdf,fugue-2018-n55.pdf,https://objects.lib.uidaho.edu/fugue/fugue-2018-n55.pdf,https://objects.lib.uidaho.edu/fugue/small/fugue-2018-n55_sm.jpg,https://objects.lib.uidaho.edu/fugue/thumbs/fugue-2018-n55_th.jpg
fugue-2019-n57,Fugue 57 (2019),"Pfau, Steven; Curran, Caitlyn; Short, Keene; Shearer, Clare; Palmer, Caitlin; Hamilton, Stephanie; Downum, Ryan; Bond, Corrin; Land, Louie; Dorsch, Scott; Stewart, Sean; Krahn, Katie; Garvin, Danielle; Milton, Madison; Ballard, Riley; Lee, Korey; Kish, Ryan; Bishop, Mike; Maas, Austin; Smith, Bowen; Stewart, Hailey; Bertoloni, Kristen; Stokes, Kit; Martin, Cameron; Thornton, Rob; Mirly, Rian; Vollmer, Alyssa; Rickards, Lauren; Newman, Emmy; Hansel, Abigail; Salonem, Remington; Velasco, Zaira; Fund, Courtney; Mann, Robert; Milton, Madison; Barnes, Kim; Forche, Carolyn; Johnson, Charles; Lee, Li-Young; Nelson, Antonya; Sanchez, Sonia; Wrigley, Robert; Teague, Alexandra","Aguirre, Joe; Akers, Louise; Amparan, Aldo; Bobrow, Lex Kim; Broatch, Ronda Piszk; Brodak, Molly; Candrilli, Kayleb Rae; DeDonato, Collette; Doran, Lorraine; Dugas, Hollie, Gaston, Alisa A.; Hawkins, Matthew; Hearn, Shannon; Johnson, Kaylie; Kander, Peter; Kennedy, Jody; Kilpatrick, Tianli; Marbais, Amanda; Rowe, Kate Martin; Oet, Rainie; Oswald, Abigail; Ruiz, Valerie K.; Sager, Trey; Seifert, Mika; Sethuraman, Karthik; Soriano, Jen; Tolan, Denise; Tolo, Julia Johanne; Voras-Hills, Angela; Whalen, Brian Phillip; Yuan, Jessica",57,2019,poetry,"Fugue Literary Journal, University of Idaho Department of English, ISSN 1054-6014, https://fuguejournal.com/",Fugue57.pdf,Text,application/pdf,"In Copyright - Educational Use Permitted. For more information, please contact Fugue Literary Journal, https://fuguejournal.com/",http://rightsstatements.org/vocab/InC-EDU/1.0/,eng,,,,pdf,fugue-2019-n57.pdf,https://objects.lib.uidaho.edu/fugue/fugue-2019-n57.pdf,https://objects.lib.uidaho.edu/fugue/small/fugue-2019-n57_sm.jpg,https://objects.lib.uidaho.edu/fugue/thumbs/fugue-2019-n57_th.jpg
fugue-2020-n59,Fugue 59 (2020),"Downum, Ryan; Short, Keene; Pfau, Steven; Eddy, Zach; Fund, Court; Newman, Emmy; Shearer, Clare; Baker, Alex; Dorsch, Scott; Hamilton, Stephanie; Fund, Court; Teague, Alexandra; Baugh, Samantha; Doty, Jessica; Emler, Austin; Harris, Haylee; Hindberg, Nicole; Kocina, Matthew; Krahn, Katie; Leavitt, Sasha; Naughton, Austin; Schonewald, Timmi; Smith, Marlan; Stewart, Sean; Wotton, Abigail; Zepeda, Dominic; Cloepfil, Georgia; Einess, Alexander; Favazzo, Cady; Gabbard, Hailee; Havens, Rachel; Martin, Cameron; Muise, Milo; Murphy, Matthew; Neil, Mason; Thomas, Paige; Ulloa, Anne Ruiz; Barnhill, Autumn; Barbour, Jake; Bisagni, Paul; Clow, Addie; Favazzo, Cady; Fitch, Joely Byron; Hansel, Abigail; Lysne, Lucas; Mann, Robert; Thomas, Paige; Barnes, Kim; Forche, Carolyn; Johnson, Charles; Lee, Li-Young; Nelson, Antonya; Sanchez, Sonia; Wrigley, Robert","Allio, Kirstin; Bares, Mant; Bernard, Rebecca; Cezanne, Imani; Connelly, Jackie; Finch, Kat; Friedland, Elana Lev; Haupt, JA; Ko, Arah; Murray, Cassie Mannes; Ok, Ciny Juyoung; Palacios, Gabriel; Prevett, A.; Rego, Tori; Sarsfield, Margie; Sepulveda, Sanna; Soileau, Benjamin; Sun, Mei Mei; Threadgill, Elizabeth; sax, sam; Zumas, Leni",59,2020,poetry,"Fugue Literary Journal, University of Idaho Department of English, ISSN 1054-6014, https://fuguejournal.com/",Fugue59.pdf,Text,application/pdf,"In Copyright - Educational Use Permitted. For more information, please contact Fugue Literary Journal, https://fuguejournal.com/",http://rightsstatements.org/vocab/InC-EDU/1.0/,eng,,,,pdf,fugue-2020-n59.pdf,https://objects.lib.uidaho.edu/fugue/fugue-2020-n59.pdf,https://objects.lib.uidaho.edu/fugue/small/fugue-2020-n59_sm.jpg,https://objects.lib.uidaho.edu/fugue/thumbs/fugue-2020-n59_th.jpg
fugue-2021-n61,Fugue 61 (2021),"Newman, Emmy; Shearer, Clare; Pfau, Steven; Favazzo, Cady; Fund, Court; Croce, Libby; Teague, Alexandra; Muise, Milo; Cloepfil, Georgia; Stewart, Sean; Wotton, Abigail; Eddy, Zach; Fitch, Joely; Corgatelli, Jordan; Doty, Jessica; Falk, Karin; Harwood, Jenna; Lemesurier, Gladys; Lolley, Megan; Lucas, Courtney; Piper, Katie; Schonewald, Marie; Shaw, Tekla; Skewis, Kailen; Terry, Kade; Harrison, Keoni Tarbet; Jensen, Riley; Stoddard, Gianna; Bisagni, Paul; Miller, Stacy Boe; Croce, Libby; Downum, Ryan; Evorn, Alexis; Johnson, Savannah; Kreycik, Erin; Martin, Cameron; Montgomery, Afton; Poe, Jessica; Barnes, Kim; Forche, Carolyn; Johnson, Charles; Lee, Li-Young; Nelson, Antonya; Sanchez, Sonia; Wrigley, Robert","Fugue Editors; Barnes, Kim; Baumann, Ruth; Branin, Emma; Butts, Joshua; Chavatel, Caroline; Chodosh, Lydia; Cohen, Julia; Cooper, Sean; Cutter, Weston; Edelman, Adam; Ketner, Trevor; Lee, Whitney; Morel, Jeanne; Moyce, Audrey; Myers, Leah; Piersol, Sabrina; Trabold, Erica; Turowski, Anamyn; Wade, Julie Marie; Wilder, Kathryn; Wolfe-Frischman, Isabel; Wright, Rain; Zeller, Maya Jewel",61,2021,poetry,"Fugue Literary Journal, University of Idaho Department of English, ISSN 1054-6014, https://fuguejournal.com/",Fugue61.pdf,Text,application/pdf,"In Copyright - Educational Use Permitted. For more information, please contact Fugue Literary Journal, https://fuguejournal.com/",http://rightsstatements.org/vocab/InC-EDU/1.0/,eng,,,,pdf,fugue-2021-n61.pdf,https://objects.lib.uidaho.edu/fugue/fugue-2021-n61.pdf,https://objects.lib.uidaho.edu/fugue/small/fugue-2021-n61_sm.jpg,https://objects.lib.uidaho.edu/fugue/thumbs/fugue-2021-n61_th.jpg
fugue-2022-n62,Fugue 62 (2022),"Fitch, Joely; Montgomery, Afton; Croce, Libby; Sirois, Steff; McGriff, Michael; Stoddard, Gianna; Bennett, North; Cox, Crystal; Lurie, Daniel; Carruth, Amanda; Couch, Dylan; Freymiller, Laur; Harper, Michael; Miller, Morgan; Neal, Emma; Rutherford, Dailynn; Siegel, Dylan; Terry, Kade; Bollinger, Carter; Kinkade, Natalie; Marlens, Isabel; Martin, Cameron; Bisagni, Paul; Katseanes, Faith; Kreycik, Erin; Wigen, Kassidy","Borruso, Anthony; Clare, Edith Lidia; Dalrymple, Kiley; Flynn-Goodlett, Luiza; Gleason, Jonathan; Hall, Melissa Darcey; Hill, Tennessee; Larson, Amanda; Lawson, Emily; Maglio, Alice; Merouani, Mathilde; Morris, Matthew; Pyle, Rebecca; Steen, Hanne; Taylor, Mike; Tombasco, Natalie Louise; Tuckner, Matthew; Weeks, Adam D.; Westhoff, Kami; Zeller, Corey; Zoccola, Maria",62,2022,poetry,"Fugue Literary Journal, University of Idaho Department of English, ISSN 1054-6014, https://fuguejournal.com/",Fugue62.pdf,Text,application/pdf,"In Copyright - Educational Use Permitted. For more information, please contact Fugue Literary Journal, https://fuguejournal.com/",http://rightsstatements.org/vocab/InC-EDU/1.0/,eng,,,,pdf,fugue-2022-n62.pdf,https://objects.lib.uidaho.edu/fugue/fugue-2022-n62.pdf,https://objects.lib.uidaho.edu/fugue/small/fugue-2022-n62_sm.jpg,https://objects.lib.uidaho.edu/fugue/thumbs/fugue-2022-n62_th.jpg
fugue-2015-n48,Fugue 48 (2015),"Durham, Jordan; Mastaler, Jason; Landreth, Michael; Brown, Nathaniel; Johnson, Katherine; Pearson, Jeff; Barnes, Kim; Johnson, Charles; Nelson, Antonya; Wrigley, Robert; Forche, Carolyn; Lee, Li-Young; Sanchez, Sonia; Bond, Corrin; Burtis, Chantilly; Clapper, Jordan; Hargreaves, Ross; Maynard, Seth; Newman, Erika; Rogers, Clair; Sullivan, Ian; Whitt, David; Bright, Ashleigh; Cushing, Michelle; Gehrke, Meghan; Hensley, Cherise; McCabe, Justin; Perreault, Joseph; Sarna, Jason; Utermohlen, Karl; Yazwinski, Sally; Culton, Lane; Hites, Caitlin; Goedker, Ashley; Jarboe, Canese; Teague, Alexandra","Bridger, Kierstin; Balma, Kathleen; Barngrover, Anne; Kindig, Patrick; Davis, Nicelle; Piller, Erick; Sofala, Hali Fuailelagi; Cole, Emily Rose; Wong, Ashley; Wagenaar, Chelsea; Hunt, Kathryn; Ernst, Cody; Hull, M. Ann; Capra-Thomas, Caylin; Smith, Rob McClure; Hall, J.H.; Kline, Mark; Ponepinto, Joe; Evison, Jonathan; O'Riordan, Valerie; Evison, Jonathan",48,2015,poetry,"Fugue Literary Journal, University of Idaho Department of English, ISSN 1054-6014, https://fuguejournal.com/",FugueIssue48_2015.pdf,Text,application/pdf,"In Copyright - Educational Use Permitted. For more information, please contact Fugue Literary Journal, https://fuguejournal.com/",http://rightsstatements.org/vocab/InC-EDU/1.0/,eng,,,,pdf,fugue-2015-n48.pdf,https://objects.lib.uidaho.edu/fugue/fugue-2015-n48.pdf,https://objects.lib.uidaho.edu/fugue/small/fugue-2015-n48_sm.jpg,https://objects.lib.uidaho.edu/fugue/thumbs/fugue-2015-n48_th.jpg
fugue-2012-n42,Fugue 42 (2012),"Bromley-Vogel, Warren; Colton, M. Chase; Ross, Amy; Ritcher, Jamaica; Pizzo, Laura; Barnes, Kim; Johnson, Charles; Nelson, Antonya; Wrigley, Robert; Forche, Carolyn; Lee, Li-Young; Sanchez, Sonia; Benedict, Michael; Brown, Jessica; Cross, Kasondra; Hendricks, Sara; Mansour, Saleeha; Newton, Shea; Severn, Eric; Thompson, Tasha; Borges, Karina; Christiansen, Summer; Dutcher, Esme; Kammers, Bryce; Maw, Matt; Poor, Aaron; Stoddard, Cara; Whitcomb, Amy; Akin, Jeremiah; Fernandez, Joel; Paulsen, Ferrol; Sappington, David; Day, Sandi; Greenwell, Eric; Sandford, Jonah; Silva, Wendy; Ropski, Beth; McFarland, Ronald","Jackson, Gary; Vap, Sarah; Adamshick, Carl; Mackenzie, Caitlin; Somers, Max; Boss, Todd; Fontaine, Tessa; Braver, Blair; McDuffie, Anne; Purpura, Lia; Unikel, Joshua; Johnson, Lindsey; Ray, Shann; Pizzo, Laura; Ritcher, Jamaica",42,2012,poetry,"Fugue Literary Journal, University of Idaho Department of English, ISSN 1054-6014, https://fuguejournal.com/",fugue_42.pdf,Text,application/pdf,"In Copyright - Educational Use Permitted. For more information, please contact Fugue Literary Journal, https://fuguejournal.com/",http://rightsstatements.org/vocab/InC-EDU/1.0/,eng,,,,pdf,fugue-2012-n42.pdf,https://objects.lib.uidaho.edu/fugue/fugue-2012-n42.pdf,https://objects.lib.uidaho.edu/fugue/small/fugue-2012-n42_sm.jpg,https://objects.lib.uidaho.edu/fugue/thumbs/fugue-2012-n42_th.jpg
fugue-2016-n50,Fugue 50 (2016),"Durham, Jordan; Jarboe, Canese; Brown, Nathaniel; McDermott, Jessica; Goedker, Ashley; Barnes, Kim; Johnson, Charles; Nelson, Antonya; Wrigley, Robert; Forche, Carolyn; Lee, Li-Young; Sanchez, Sonia; Caraway, Mary; Hargreaves, Ross; Jeske, Autry; Nanney, Clifton; Perreault, Joseph; Roglin, Gabrielle; Stephenson, Calvin; Utermohlen, Karl; Westerfield, Lauren; Clapper, Jordan; Hull, Madison; Kersten, Courtney; Meyer, Will; Orona, Rosemarie; Pickens, Breanne; Soumas, Michelle; Stokes, Katherine; Westby, Rachel; Whitt, David; Culton, Lane; Fraley, Samantha; McGill, Cameron; Rosgen, Michael; Fisher, Morgan; Lewis, Katherine; Robson, Justin; Scott, Cassie; Teague, Alexandra","Yun, J.H.; Whalen, Jennifer; Prince, Katie; Lewis, Paige; Lemon, Alex; Onusko, Elizabeth; McCabe, Nancy; McDannald, David; Kirkman, Isaac; Stevens, Jon Vanzant",50,2016,poetry,"Fugue Literary Journal, University of Idaho Department of English, ISSN 1054-6014, https://fuguejournal.com/",fugue_50_2016.pdf,Text,application/pdf,"In Copyright - Educational Use Permitted. For more information, please contact Fugue Literary Journal, https://fuguejournal.com/",http://rightsstatements.org/vocab/InC-EDU/1.0/,eng,,,,pdf,fugue-2016-n50.pdf,https://objects.lib.uidaho.edu/fugue/fugue-2016-n50.pdf,https://objects.lib.uidaho.edu/fugue/small/fugue-2016-n50_sm.jpg,https://objects.lib.uidaho.edu/fugue/thumbs/fugue-2016-n50_th.jpg